--
-- Скрипт сгенерирован Devart dbForge Studio for MySQL, Версия 6.3.358.0
-- Домашняя страница продукта: http://www.devart.com/ru/dbforge/mysql/studio
-- Дата скрипта: 16.07.2015 15:24:29
-- Версия сервера: 5.5.42-cll
-- Версия клиента: 4.1
--


SET NAMES 'utf8';





INSERT INTO moykiv_newcfashion.Categories(id_category, name, translit_name) VALUES
(3, 'Вечерние платья', 'Vechernie-platya');
INSERT INTO moykiv_newcfashion.Categories(id_category, name, translit_name) VALUES
(4, 'Коктейльные платья', 'Cocktailnie-platya');
INSERT INTO moykiv_newcfashion.Categories(id_category, name, translit_name) VALUES
(5, 'Повседневные платья', 'Povsednevnie-platya');
INSERT INTO moykiv_newcfashion.Categories(id_category, name, translit_name) VALUES
(6, 'Свадебные платья', 'Svadebnie-platya');
INSERT INTO moykiv_newcfashion.Categories(id_category, name, translit_name) VALUES
(7, 'Большие размеры', 'Platya-bolshih-razmerov');
INSERT INTO moykiv_newcfashion.Categories(id_category, name, translit_name) VALUES
(8, 'На выпускной', 'Platya-na-vipusknoy');
INSERT INTO moykiv_newcfashion.Categories(id_category, name, translit_name) VALUES
(9, 'Мамам на свадьбу', 'Platya-mamam-na-svadbu');

INSERT INTO moykiv_newcfashion.Categories_Products(id, id_category, id_product) VALUES
(15, 3, 2);
INSERT INTO moykiv_newcfashion.Categories_Products(id, id_category, id_product) VALUES
(24, 3, 3);
INSERT INTO moykiv_newcfashion.Categories_Products(id, id_category, id_product) VALUES
(32, 6, 4);
INSERT INTO moykiv_newcfashion.Categories_Products(id, id_category, id_product) VALUES
(33, 3, 5);
INSERT INTO moykiv_newcfashion.Categories_Products(id, id_category, id_product) VALUES
(34, 3, 6);
INSERT INTO moykiv_newcfashion.Categories_Products(id, id_category, id_product) VALUES
(35, 6, 6);
INSERT INTO moykiv_newcfashion.Categories_Products(id, id_category, id_product) VALUES
(36, 3, 7);
INSERT INTO moykiv_newcfashion.Categories_Products(id, id_category, id_product) VALUES
(37, 6, 7);
INSERT INTO moykiv_newcfashion.Categories_Products(id, id_category, id_product) VALUES
(38, 3, 8);
INSERT INTO moykiv_newcfashion.Categories_Products(id, id_category, id_product) VALUES
(39, 3, 9);
INSERT INTO moykiv_newcfashion.Categories_Products(id, id_category, id_product) VALUES
(40, 3, 10);
INSERT INTO moykiv_newcfashion.Categories_Products(id, id_category, id_product) VALUES
(41, 7, 10);
INSERT INTO moykiv_newcfashion.Categories_Products(id, id_category, id_product) VALUES
(42, 6, 10);
INSERT INTO moykiv_newcfashion.Categories_Products(id, id_category, id_product) VALUES
(43, 3, 11);
INSERT INTO moykiv_newcfashion.Categories_Products(id, id_category, id_product) VALUES
(44, 3, 12);
INSERT INTO moykiv_newcfashion.Categories_Products(id, id_category, id_product) VALUES
(45, 3, 13);
INSERT INTO moykiv_newcfashion.Categories_Products(id, id_category, id_product) VALUES
(46, 3, 14);
INSERT INTO moykiv_newcfashion.Categories_Products(id, id_category, id_product) VALUES
(47, 6, 14);
INSERT INTO moykiv_newcfashion.Categories_Products(id, id_category, id_product) VALUES
(48, 3, 15);
INSERT INTO moykiv_newcfashion.Categories_Products(id, id_category, id_product) VALUES
(49, 3, 16);
INSERT INTO moykiv_newcfashion.Categories_Products(id, id_category, id_product) VALUES
(50, 3, 17);
INSERT INTO moykiv_newcfashion.Categories_Products(id, id_category, id_product) VALUES
(51, 7, 17);
INSERT INTO moykiv_newcfashion.Categories_Products(id, id_category, id_product) VALUES
(52, 3, 18);
INSERT INTO moykiv_newcfashion.Categories_Products(id, id_category, id_product) VALUES
(53, 6, 18);
INSERT INTO moykiv_newcfashion.Categories_Products(id, id_category, id_product) VALUES
(54, 3, 19);
INSERT INTO moykiv_newcfashion.Categories_Products(id, id_category, id_product) VALUES
(55, 7, 19);
INSERT INTO moykiv_newcfashion.Categories_Products(id, id_category, id_product) VALUES
(56, 3, 20);
INSERT INTO moykiv_newcfashion.Categories_Products(id, id_category, id_product) VALUES
(57, 3, 21);
INSERT INTO moykiv_newcfashion.Categories_Products(id, id_category, id_product) VALUES
(58, 7, 21);
INSERT INTO moykiv_newcfashion.Categories_Products(id, id_category, id_product) VALUES
(59, 4, 22);
INSERT INTO moykiv_newcfashion.Categories_Products(id, id_category, id_product) VALUES
(60, 4, 23);
INSERT INTO moykiv_newcfashion.Categories_Products(id, id_category, id_product) VALUES
(61, 6, 23);
INSERT INTO moykiv_newcfashion.Categories_Products(id, id_category, id_product) VALUES
(62, 4, 24);
INSERT INTO moykiv_newcfashion.Categories_Products(id, id_category, id_product) VALUES
(63, 4, 25);
INSERT INTO moykiv_newcfashion.Categories_Products(id, id_category, id_product) VALUES
(64, 4, 26);
INSERT INTO moykiv_newcfashion.Categories_Products(id, id_category, id_product) VALUES
(65, 7, 26);
INSERT INTO moykiv_newcfashion.Categories_Products(id, id_category, id_product) VALUES
(66, 4, 27);
INSERT INTO moykiv_newcfashion.Categories_Products(id, id_category, id_product) VALUES
(67, 5, 28);
INSERT INTO moykiv_newcfashion.Categories_Products(id, id_category, id_product) VALUES
(68, 4, 29);
INSERT INTO moykiv_newcfashion.Categories_Products(id, id_category, id_product) VALUES
(69, 4, 30);
INSERT INTO moykiv_newcfashion.Categories_Products(id, id_category, id_product) VALUES
(70, 5, 30);
INSERT INTO moykiv_newcfashion.Categories_Products(id, id_category, id_product) VALUES
(71, 4, 31);
INSERT INTO moykiv_newcfashion.Categories_Products(id, id_category, id_product) VALUES
(72, 5, 31);
INSERT INTO moykiv_newcfashion.Categories_Products(id, id_category, id_product) VALUES
(73, 4, 32);
INSERT INTO moykiv_newcfashion.Categories_Products(id, id_category, id_product) VALUES
(74, 5, 32);
INSERT INTO moykiv_newcfashion.Categories_Products(id, id_category, id_product) VALUES
(75, 7, 32);
INSERT INTO moykiv_newcfashion.Categories_Products(id, id_category, id_product) VALUES
(76, 3, 33);
INSERT INTO moykiv_newcfashion.Categories_Products(id, id_category, id_product) VALUES
(77, 3, 34);
INSERT INTO moykiv_newcfashion.Categories_Products(id, id_category, id_product) VALUES
(78, 6, 34);
INSERT INTO moykiv_newcfashion.Categories_Products(id, id_category, id_product) VALUES
(79, 3, 35);
INSERT INTO moykiv_newcfashion.Categories_Products(id, id_category, id_product) VALUES
(80, 6, 35);
INSERT INTO moykiv_newcfashion.Categories_Products(id, id_category, id_product) VALUES
(81, 3, 36);
INSERT INTO moykiv_newcfashion.Categories_Products(id, id_category, id_product) VALUES
(82, 6, 36);
INSERT INTO moykiv_newcfashion.Categories_Products(id, id_category, id_product) VALUES
(83, 6, 37);
INSERT INTO moykiv_newcfashion.Categories_Products(id, id_category, id_product) VALUES
(84, 3, 37);
INSERT INTO moykiv_newcfashion.Categories_Products(id, id_category, id_product) VALUES
(85, 3, 38);
INSERT INTO moykiv_newcfashion.Categories_Products(id, id_category, id_product) VALUES
(86, 3, 39);
INSERT INTO moykiv_newcfashion.Categories_Products(id, id_category, id_product) VALUES
(87, 4, 40);
INSERT INTO moykiv_newcfashion.Categories_Products(id, id_category, id_product) VALUES
(88, 3, 41);
INSERT INTO moykiv_newcfashion.Categories_Products(id, id_category, id_product) VALUES
(89, 4, 42);
INSERT INTO moykiv_newcfashion.Categories_Products(id, id_category, id_product) VALUES
(90, 7, 42);
INSERT INTO moykiv_newcfashion.Categories_Products(id, id_category, id_product) VALUES
(91, 4, 43);
INSERT INTO moykiv_newcfashion.Categories_Products(id, id_category, id_product) VALUES
(92, 7, 43);
INSERT INTO moykiv_newcfashion.Categories_Products(id, id_category, id_product) VALUES
(93, 6, 43);
INSERT INTO moykiv_newcfashion.Categories_Products(id, id_category, id_product) VALUES
(96, 5, 44);
INSERT INTO moykiv_newcfashion.Categories_Products(id, id_category, id_product) VALUES
(97, 4, 45);
INSERT INTO moykiv_newcfashion.Categories_Products(id, id_category, id_product) VALUES
(99, 6, 46);
INSERT INTO moykiv_newcfashion.Categories_Products(id, id_category, id_product) VALUES
(100, 3, 46);
INSERT INTO moykiv_newcfashion.Categories_Products(id, id_category, id_product) VALUES
(101, 7, 46);
INSERT INTO moykiv_newcfashion.Categories_Products(id, id_category, id_product) VALUES
(102, 4, 47);
INSERT INTO moykiv_newcfashion.Categories_Products(id, id_category, id_product) VALUES
(103, 4, 48);
INSERT INTO moykiv_newcfashion.Categories_Products(id, id_category, id_product) VALUES
(104, 6, 48);
INSERT INTO moykiv_newcfashion.Categories_Products(id, id_category, id_product) VALUES
(105, 4, 49);
INSERT INTO moykiv_newcfashion.Categories_Products(id, id_category, id_product) VALUES
(106, 6, 50);
INSERT INTO moykiv_newcfashion.Categories_Products(id, id_category, id_product) VALUES
(107, 3, 50);
INSERT INTO moykiv_newcfashion.Categories_Products(id, id_category, id_product) VALUES
(108, 4, 51);
INSERT INTO moykiv_newcfashion.Categories_Products(id, id_category, id_product) VALUES
(109, 6, 51);
INSERT INTO moykiv_newcfashion.Categories_Products(id, id_category, id_product) VALUES
(110, 7, 52);
INSERT INTO moykiv_newcfashion.Categories_Products(id, id_category, id_product) VALUES
(111, 4, 52);
INSERT INTO moykiv_newcfashion.Categories_Products(id, id_category, id_product) VALUES
(112, 7, 53);
INSERT INTO moykiv_newcfashion.Categories_Products(id, id_category, id_product) VALUES
(113, 3, 53);
INSERT INTO moykiv_newcfashion.Categories_Products(id, id_category, id_product) VALUES
(114, 3, 54);
INSERT INTO moykiv_newcfashion.Categories_Products(id, id_category, id_product) VALUES
(115, 7, 54);
INSERT INTO moykiv_newcfashion.Categories_Products(id, id_category, id_product) VALUES
(116, 6, 54);
INSERT INTO moykiv_newcfashion.Categories_Products(id, id_category, id_product) VALUES
(118, 3, 55);
INSERT INTO moykiv_newcfashion.Categories_Products(id, id_category, id_product) VALUES
(119, 8, 55);
INSERT INTO moykiv_newcfashion.Categories_Products(id, id_category, id_product) VALUES
(121, 4, 56);
INSERT INTO moykiv_newcfashion.Categories_Products(id, id_category, id_product) VALUES
(122, 5, 56);
INSERT INTO moykiv_newcfashion.Categories_Products(id, id_category, id_product) VALUES
(123, 4, 57);
INSERT INTO moykiv_newcfashion.Categories_Products(id, id_category, id_product) VALUES
(124, 7, 57);
INSERT INTO moykiv_newcfashion.Categories_Products(id, id_category, id_product) VALUES
(125, 5, 57);
INSERT INTO moykiv_newcfashion.Categories_Products(id, id_category, id_product) VALUES
(126, 5, 52);
INSERT INTO moykiv_newcfashion.Categories_Products(id, id_category, id_product) VALUES
(127, 4, 58);
INSERT INTO moykiv_newcfashion.Categories_Products(id, id_category, id_product) VALUES
(128, 5, 58);
INSERT INTO moykiv_newcfashion.Categories_Products(id, id_category, id_product) VALUES
(129, 5, 59);
INSERT INTO moykiv_newcfashion.Categories_Products(id, id_category, id_product) VALUES
(130, 4, 59);
INSERT INTO moykiv_newcfashion.Categories_Products(id, id_category, id_product) VALUES
(131, 4, 60);
INSERT INTO moykiv_newcfashion.Categories_Products(id, id_category, id_product) VALUES
(132, 5, 60);
INSERT INTO moykiv_newcfashion.Categories_Products(id, id_category, id_product) VALUES
(133, 3, 61);
INSERT INTO moykiv_newcfashion.Categories_Products(id, id_category, id_product) VALUES
(134, 7, 61);
INSERT INTO moykiv_newcfashion.Categories_Products(id, id_category, id_product) VALUES
(135, 6, 61);
INSERT INTO moykiv_newcfashion.Categories_Products(id, id_category, id_product) VALUES
(136, 4, 62);
INSERT INTO moykiv_newcfashion.Categories_Products(id, id_category, id_product) VALUES
(137, 5, 62);
INSERT INTO moykiv_newcfashion.Categories_Products(id, id_category, id_product) VALUES
(138, 4, 63);
INSERT INTO moykiv_newcfashion.Categories_Products(id, id_category, id_product) VALUES
(140, 7, 73);
INSERT INTO moykiv_newcfashion.Categories_Products(id, id_category, id_product) VALUES
(141, 4, 73);
INSERT INTO moykiv_newcfashion.Categories_Products(id, id_category, id_product) VALUES
(142, 5, 73);
INSERT INTO moykiv_newcfashion.Categories_Products(id, id_category, id_product) VALUES
(143, 3, 74);
INSERT INTO moykiv_newcfashion.Categories_Products(id, id_category, id_product) VALUES
(144, 7, 74);
INSERT INTO moykiv_newcfashion.Categories_Products(id, id_category, id_product) VALUES
(145, 4, 75);
INSERT INTO moykiv_newcfashion.Categories_Products(id, id_category, id_product) VALUES
(146, 8, 75);
INSERT INTO moykiv_newcfashion.Categories_Products(id, id_category, id_product) VALUES
(147, 4, 76);
INSERT INTO moykiv_newcfashion.Categories_Products(id, id_category, id_product) VALUES
(148, 8, 76);
INSERT INTO moykiv_newcfashion.Categories_Products(id, id_category, id_product) VALUES
(149, 4, 77);
INSERT INTO moykiv_newcfashion.Categories_Products(id, id_category, id_product) VALUES
(150, 7, 77);
INSERT INTO moykiv_newcfashion.Categories_Products(id, id_category, id_product) VALUES
(151, 5, 77);
INSERT INTO moykiv_newcfashion.Categories_Products(id, id_category, id_product) VALUES
(152, 4, 81);
INSERT INTO moykiv_newcfashion.Categories_Products(id, id_category, id_product) VALUES
(153, 7, 81);
INSERT INTO moykiv_newcfashion.Categories_Products(id, id_category, id_product) VALUES
(154, 5, 81);
INSERT INTO moykiv_newcfashion.Categories_Products(id, id_category, id_product) VALUES
(155, 3, 82);
INSERT INTO moykiv_newcfashion.Categories_Products(id, id_category, id_product) VALUES
(156, 8, 82);
INSERT INTO moykiv_newcfashion.Categories_Products(id, id_category, id_product) VALUES
(157, 3, 83);
INSERT INTO moykiv_newcfashion.Categories_Products(id, id_category, id_product) VALUES
(158, 6, 83);
INSERT INTO moykiv_newcfashion.Categories_Products(id, id_category, id_product) VALUES
(159, 3, 84);
INSERT INTO moykiv_newcfashion.Categories_Products(id, id_category, id_product) VALUES
(160, 7, 84);
INSERT INTO moykiv_newcfashion.Categories_Products(id, id_category, id_product) VALUES
(161, 3, 85);
INSERT INTO moykiv_newcfashion.Categories_Products(id, id_category, id_product) VALUES
(162, 7, 85);
INSERT INTO moykiv_newcfashion.Categories_Products(id, id_category, id_product) VALUES
(163, 6, 86);
INSERT INTO moykiv_newcfashion.Categories_Products(id, id_category, id_product) VALUES
(164, 7, 86);
INSERT INTO moykiv_newcfashion.Categories_Products(id, id_category, id_product) VALUES
(165, 3, 87);
INSERT INTO moykiv_newcfashion.Categories_Products(id, id_category, id_product) VALUES
(166, 8, 87);
INSERT INTO moykiv_newcfashion.Categories_Products(id, id_category, id_product) VALUES
(167, 3, 88);
INSERT INTO moykiv_newcfashion.Categories_Products(id, id_category, id_product) VALUES
(168, 6, 88);
INSERT INTO moykiv_newcfashion.Categories_Products(id, id_category, id_product) VALUES
(169, 8, 88);
INSERT INTO moykiv_newcfashion.Categories_Products(id, id_category, id_product) VALUES
(170, 3, 89);
INSERT INTO moykiv_newcfashion.Categories_Products(id, id_category, id_product) VALUES
(171, 6, 89);
INSERT INTO moykiv_newcfashion.Categories_Products(id, id_category, id_product) VALUES
(172, 8, 89);
INSERT INTO moykiv_newcfashion.Categories_Products(id, id_category, id_product) VALUES
(173, 6, 90);
INSERT INTO moykiv_newcfashion.Categories_Products(id, id_category, id_product) VALUES
(174, 8, 90);
INSERT INTO moykiv_newcfashion.Categories_Products(id, id_category, id_product) VALUES
(175, 6, 2);
INSERT INTO moykiv_newcfashion.Categories_Products(id, id_category, id_product) VALUES
(176, 8, 2);
INSERT INTO moykiv_newcfashion.Categories_Products(id, id_category, id_product) VALUES
(178, 8, 5);
INSERT INTO moykiv_newcfashion.Categories_Products(id, id_category, id_product) VALUES
(179, 8, 6);
INSERT INTO moykiv_newcfashion.Categories_Products(id, id_category, id_product) VALUES
(180, 8, 8);
INSERT INTO moykiv_newcfashion.Categories_Products(id, id_category, id_product) VALUES
(181, 8, 13);
INSERT INTO moykiv_newcfashion.Categories_Products(id, id_category, id_product) VALUES
(182, 8, 14);
INSERT INTO moykiv_newcfashion.Categories_Products(id, id_category, id_product) VALUES
(183, 8, 16);
INSERT INTO moykiv_newcfashion.Categories_Products(id, id_category, id_product) VALUES
(184, 6, 91);
INSERT INTO moykiv_newcfashion.Categories_Products(id, id_category, id_product) VALUES
(185, 3, 91);
INSERT INTO moykiv_newcfashion.Categories_Products(id, id_category, id_product) VALUES
(186, 8, 91);
INSERT INTO moykiv_newcfashion.Categories_Products(id, id_category, id_product) VALUES
(187, 3, 92);
INSERT INTO moykiv_newcfashion.Categories_Products(id, id_category, id_product) VALUES
(188, 8, 92);
INSERT INTO moykiv_newcfashion.Categories_Products(id, id_category, id_product) VALUES
(189, 3, 94);
INSERT INTO moykiv_newcfashion.Categories_Products(id, id_category, id_product) VALUES
(190, 8, 94);
INSERT INTO moykiv_newcfashion.Categories_Products(id, id_category, id_product) VALUES
(191, 8, 95);
INSERT INTO moykiv_newcfashion.Categories_Products(id, id_category, id_product) VALUES
(192, 6, 95);
INSERT INTO moykiv_newcfashion.Categories_Products(id, id_category, id_product) VALUES
(193, 3, 95);
INSERT INTO moykiv_newcfashion.Categories_Products(id, id_category, id_product) VALUES
(194, 3, 96);
INSERT INTO moykiv_newcfashion.Categories_Products(id, id_category, id_product) VALUES
(195, 8, 96);
INSERT INTO moykiv_newcfashion.Categories_Products(id, id_category, id_product) VALUES
(196, 6, 96);
INSERT INTO moykiv_newcfashion.Categories_Products(id, id_category, id_product) VALUES
(197, 3, 97);
INSERT INTO moykiv_newcfashion.Categories_Products(id, id_category, id_product) VALUES
(198, 8, 97);
INSERT INTO moykiv_newcfashion.Categories_Products(id, id_category, id_product) VALUES
(199, 9, 17);
INSERT INTO moykiv_newcfashion.Categories_Products(id, id_category, id_product) VALUES
(200, 9, 19);
INSERT INTO moykiv_newcfashion.Categories_Products(id, id_category, id_product) VALUES
(201, 9, 26);
INSERT INTO moykiv_newcfashion.Categories_Products(id, id_category, id_product) VALUES
(202, 9, 32);
INSERT INTO moykiv_newcfashion.Categories_Products(id, id_category, id_product) VALUES
(203, 9, 38);
INSERT INTO moykiv_newcfashion.Categories_Products(id, id_category, id_product) VALUES
(204, 9, 52);
INSERT INTO moykiv_newcfashion.Categories_Products(id, id_category, id_product) VALUES
(205, 9, 73);
INSERT INTO moykiv_newcfashion.Categories_Products(id, id_category, id_product) VALUES
(206, 9, 74);
INSERT INTO moykiv_newcfashion.Categories_Products(id, id_category, id_product) VALUES
(207, 9, 81);
INSERT INTO moykiv_newcfashion.Categories_Products(id, id_category, id_product) VALUES
(208, 9, 84);
INSERT INTO moykiv_newcfashion.Categories_Products(id, id_category, id_product) VALUES
(209, 9, 85);
INSERT INTO moykiv_newcfashion.Categories_Products(id, id_category, id_product) VALUES
(210, 9, 90);
INSERT INTO moykiv_newcfashion.Categories_Products(id, id_category, id_product) VALUES
(211, 9, 53);
INSERT INTO moykiv_newcfashion.Categories_Products(id, id_category, id_product) VALUES
(212, 9, 94);
INSERT INTO moykiv_newcfashion.Categories_Products(id, id_category, id_product) VALUES
(213, 9, 57);
INSERT INTO moykiv_newcfashion.Categories_Products(id, id_category, id_product) VALUES
(214, 3, 98);
INSERT INTO moykiv_newcfashion.Categories_Products(id, id_category, id_product) VALUES
(215, 6, 98);
INSERT INTO moykiv_newcfashion.Categories_Products(id, id_category, id_product) VALUES
(216, 7, 98);
INSERT INTO moykiv_newcfashion.Categories_Products(id, id_category, id_product) VALUES
(217, 3, 99);
INSERT INTO moykiv_newcfashion.Categories_Products(id, id_category, id_product) VALUES
(218, 8, 99);
INSERT INTO moykiv_newcfashion.Categories_Products(id, id_category, id_product) VALUES
(219, 3, 100);
INSERT INTO moykiv_newcfashion.Categories_Products(id, id_category, id_product) VALUES
(220, 6, 100);
INSERT INTO moykiv_newcfashion.Categories_Products(id, id_category, id_product) VALUES
(221, 8, 100);
INSERT INTO moykiv_newcfashion.Categories_Products(id, id_category, id_product) VALUES
(222, 3, 101);
INSERT INTO moykiv_newcfashion.Categories_Products(id, id_category, id_product) VALUES
(223, 6, 101);
INSERT INTO moykiv_newcfashion.Categories_Products(id, id_category, id_product) VALUES
(224, 8, 101);
INSERT INTO moykiv_newcfashion.Categories_Products(id, id_category, id_product) VALUES
(225, 3, 102);
INSERT INTO moykiv_newcfashion.Categories_Products(id, id_category, id_product) VALUES
(226, 6, 102);
INSERT INTO moykiv_newcfashion.Categories_Products(id, id_category, id_product) VALUES
(227, 8, 102);
INSERT INTO moykiv_newcfashion.Categories_Products(id, id_category, id_product) VALUES
(228, 4, 103);
INSERT INTO moykiv_newcfashion.Categories_Products(id, id_category, id_product) VALUES
(229, 8, 103);
INSERT INTO moykiv_newcfashion.Categories_Products(id, id_category, id_product) VALUES
(230, 4, 104);
INSERT INTO moykiv_newcfashion.Categories_Products(id, id_category, id_product) VALUES
(231, 8, 104);
INSERT INTO moykiv_newcfashion.Categories_Products(id, id_category, id_product) VALUES
(232, 3, 105);
INSERT INTO moykiv_newcfashion.Categories_Products(id, id_category, id_product) VALUES
(233, 9, 105);
INSERT INTO moykiv_newcfashion.Categories_Products(id, id_category, id_product) VALUES
(234, 8, 105);
INSERT INTO moykiv_newcfashion.Categories_Products(id, id_category, id_product) VALUES
(235, 4, 106);
INSERT INTO moykiv_newcfashion.Categories_Products(id, id_category, id_product) VALUES
(236, 5, 106);
INSERT INTO moykiv_newcfashion.Categories_Products(id, id_category, id_product) VALUES
(237, 9, 12);
INSERT INTO moykiv_newcfashion.Categories_Products(id, id_category, id_product) VALUES
(238, 9, 54);
INSERT INTO moykiv_newcfashion.Categories_Products(id, id_category, id_product) VALUES
(239, 9, 41);
INSERT INTO moykiv_newcfashion.Categories_Products(id, id_category, id_product) VALUES
(240, 3, 107);
INSERT INTO moykiv_newcfashion.Categories_Products(id, id_category, id_product) VALUES
(241, 6, 107);
INSERT INTO moykiv_newcfashion.Categories_Products(id, id_category, id_product) VALUES
(242, 8, 107);
INSERT INTO moykiv_newcfashion.Categories_Products(id, id_category, id_product) VALUES
(243, 4, 108);
INSERT INTO moykiv_newcfashion.Categories_Products(id, id_category, id_product) VALUES
(244, 8, 108);
INSERT INTO moykiv_newcfashion.Categories_Products(id, id_category, id_product) VALUES
(245, 3, 109);
INSERT INTO moykiv_newcfashion.Categories_Products(id, id_category, id_product) VALUES
(246, 8, 109);
INSERT INTO moykiv_newcfashion.Categories_Products(id, id_category, id_product) VALUES
(249, 6, 110);
INSERT INTO moykiv_newcfashion.Categories_Products(id, id_category, id_product) VALUES
(250, 6, 109);
INSERT INTO moykiv_newcfashion.Categories_Products(id, id_category, id_product) VALUES
(251, 8, 111);
INSERT INTO moykiv_newcfashion.Categories_Products(id, id_category, id_product) VALUES
(252, 6, 111);
INSERT INTO moykiv_newcfashion.Categories_Products(id, id_category, id_product) VALUES
(253, 3, 112);
INSERT INTO moykiv_newcfashion.Categories_Products(id, id_category, id_product) VALUES
(254, 8, 112);
INSERT INTO moykiv_newcfashion.Categories_Products(id, id_category, id_product) VALUES
(255, 6, 112);
INSERT INTO moykiv_newcfashion.Categories_Products(id, id_category, id_product) VALUES
(256, 4, 113);
INSERT INTO moykiv_newcfashion.Categories_Products(id, id_category, id_product) VALUES
(257, 8, 113);
INSERT INTO moykiv_newcfashion.Categories_Products(id, id_category, id_product) VALUES
(258, 6, 113);
INSERT INTO moykiv_newcfashion.Categories_Products(id, id_category, id_product) VALUES
(259, 4, 114);
INSERT INTO moykiv_newcfashion.Categories_Products(id, id_category, id_product) VALUES
(260, 8, 114);
INSERT INTO moykiv_newcfashion.Categories_Products(id, id_category, id_product) VALUES
(261, 3, 115);
INSERT INTO moykiv_newcfashion.Categories_Products(id, id_category, id_product) VALUES
(262, 6, 115);
INSERT INTO moykiv_newcfashion.Categories_Products(id, id_category, id_product) VALUES
(263, 9, 115);
INSERT INTO moykiv_newcfashion.Categories_Products(id, id_category, id_product) VALUES
(264, 8, 115);
INSERT INTO moykiv_newcfashion.Categories_Products(id, id_category, id_product) VALUES
(265, 9, 63);
INSERT INTO moykiv_newcfashion.Categories_Products(id, id_category, id_product) VALUES
(266, 9, 39);
INSERT INTO moykiv_newcfashion.Categories_Products(id, id_category, id_product) VALUES
(267, 3, 116);
INSERT INTO moykiv_newcfashion.Categories_Products(id, id_category, id_product) VALUES
(268, 7, 116);
INSERT INTO moykiv_newcfashion.Categories_Products(id, id_category, id_product) VALUES
(269, 9, 116);
INSERT INTO moykiv_newcfashion.Categories_Products(id, id_category, id_product) VALUES
(270, 3, 117);
INSERT INTO moykiv_newcfashion.Categories_Products(id, id_category, id_product) VALUES
(271, 3, 118);
INSERT INTO moykiv_newcfashion.Categories_Products(id, id_category, id_product) VALUES
(272, 9, 118);
INSERT INTO moykiv_newcfashion.Categories_Products(id, id_category, id_product) VALUES
(273, 3, 119);
INSERT INTO moykiv_newcfashion.Categories_Products(id, id_category, id_product) VALUES
(274, 9, 119);
INSERT INTO moykiv_newcfashion.Categories_Products(id, id_category, id_product) VALUES
(275, 9, 111);
INSERT INTO moykiv_newcfashion.Categories_Products(id, id_category, id_product) VALUES
(276, 3, 111);
INSERT INTO moykiv_newcfashion.Categories_Products(id, id_category, id_product) VALUES
(277, 9, 40);
INSERT INTO moykiv_newcfashion.Categories_Products(id, id_category, id_product) VALUES
(278, 3, 120);
INSERT INTO moykiv_newcfashion.Categories_Products(id, id_category, id_product) VALUES
(279, 6, 120);
INSERT INTO moykiv_newcfashion.Categories_Products(id, id_category, id_product) VALUES
(280, 7, 120);
INSERT INTO moykiv_newcfashion.Categories_Products(id, id_category, id_product) VALUES
(281, 9, 120);
INSERT INTO moykiv_newcfashion.Categories_Products(id, id_category, id_product) VALUES
(282, 3, 121);
INSERT INTO moykiv_newcfashion.Categories_Products(id, id_category, id_product) VALUES
(283, 6, 121);
INSERT INTO moykiv_newcfashion.Categories_Products(id, id_category, id_product) VALUES
(284, 8, 121);
INSERT INTO moykiv_newcfashion.Categories_Products(id, id_category, id_product) VALUES
(285, 9, 121);
INSERT INTO moykiv_newcfashion.Categories_Products(id, id_category, id_product) VALUES
(286, 4, 123);
INSERT INTO moykiv_newcfashion.Categories_Products(id, id_category, id_product) VALUES
(288, 9, 123);
INSERT INTO moykiv_newcfashion.Categories_Products(id, id_category, id_product) VALUES
(289, 3, 124);
INSERT INTO moykiv_newcfashion.Categories_Products(id, id_category, id_product) VALUES
(290, 6, 124);
INSERT INTO moykiv_newcfashion.Categories_Products(id, id_category, id_product) VALUES
(291, 4, 125);


INSERT INTO moykiv_newcfashion.Colors(id_color, color_name, color_code) VALUES
(1, 'Черный', '#000000');
INSERT INTO moykiv_newcfashion.Colors(id_color, color_name, color_code) VALUES
(2, 'Белый', '#ffffff');
INSERT INTO moykiv_newcfashion.Colors(id_color, color_name, color_code) VALUES
(3, 'Синий', '#0000FF');
INSERT INTO moykiv_newcfashion.Colors(id_color, color_name, color_code) VALUES
(4, 'Красный', '#FF0000');
INSERT INTO moykiv_newcfashion.Colors(id_color, color_name, color_code) VALUES
(5, 'Зеленый', '#008000');
INSERT INTO moykiv_newcfashion.Colors(id_color, color_name, color_code) VALUES
(6, 'Голубой', '#ADD8E6');
INSERT INTO moykiv_newcfashion.Colors(id_color, color_name, color_code) VALUES
(7, 'Какао', '');
INSERT INTO moykiv_newcfashion.Colors(id_color, color_name, color_code) VALUES
(8, 'Фиолетовый', '#8b00ff');
INSERT INTO moykiv_newcfashion.Colors(id_color, color_name, color_code) VALUES
(9, 'Сиреневый', '#c8a2c8');
INSERT INTO moykiv_newcfashion.Colors(id_color, color_name, color_code) VALUES
(10, 'Розовый', '#ffc0cb');
INSERT INTO moykiv_newcfashion.Colors(id_color, color_name, color_code) VALUES
(11, 'Фуксия', '#f754e1');
INSERT INTO moykiv_newcfashion.Colors(id_color, color_name, color_code) VALUES
(12, 'Леопард', '');
INSERT INTO moykiv_newcfashion.Colors(id_color, color_name, color_code) VALUES
(13, 'Цветное', '');
INSERT INTO moykiv_newcfashion.Colors(id_color, color_name, color_code) VALUES
(14, 'Оранжевый', '#ffa500');
INSERT INTO moykiv_newcfashion.Colors(id_color, color_name, color_code) VALUES
(15, 'Лимонный', '#fde910');
INSERT INTO moykiv_newcfashion.Colors(id_color, color_name, color_code) VALUES
(16, 'Бежевый', '#f5f5dc');
INSERT INTO moykiv_newcfashion.Colors(id_color, color_name, color_code) VALUES
(17, 'Лаванда', '#e6e6fa');
INSERT INTO moykiv_newcfashion.Colors(id_color, color_name, color_code) VALUES
(18, 'Ментол', NULL);
INSERT INTO moykiv_newcfashion.Colors(id_color, color_name, color_code) VALUES
(19, 'Пудра(розовый)', NULL);

INSERT INTO moykiv_newcfashion.Colors_Products(ID, id_color, id_product) VALUES
(7, 3, 2);
INSERT INTO moykiv_newcfashion.Colors_Products(ID, id_color, id_product) VALUES
(14, 2, 4);
INSERT INTO moykiv_newcfashion.Colors_Products(ID, id_color, id_product) VALUES
(15, 11, 5);
INSERT INTO moykiv_newcfashion.Colors_Products(ID, id_color, id_product) VALUES
(16, 6, 5);
INSERT INTO moykiv_newcfashion.Colors_Products(ID, id_color, id_product) VALUES
(18, 11, 6);
INSERT INTO moykiv_newcfashion.Colors_Products(ID, id_color, id_product) VALUES
(19, 2, 6);
INSERT INTO moykiv_newcfashion.Colors_Products(ID, id_color, id_product) VALUES
(20, 8, 6);
INSERT INTO moykiv_newcfashion.Colors_Products(ID, id_color, id_product) VALUES
(21, 1, 3);
INSERT INTO moykiv_newcfashion.Colors_Products(ID, id_color, id_product) VALUES
(22, 2, 7);
INSERT INTO moykiv_newcfashion.Colors_Products(ID, id_color, id_product) VALUES
(23, 11, 8);
INSERT INTO moykiv_newcfashion.Colors_Products(ID, id_color, id_product) VALUES
(24, 11, 9);
INSERT INTO moykiv_newcfashion.Colors_Products(ID, id_color, id_product) VALUES
(25, 2, 10);
INSERT INTO moykiv_newcfashion.Colors_Products(ID, id_color, id_product) VALUES
(26, 5, 11);
INSERT INTO moykiv_newcfashion.Colors_Products(ID, id_color, id_product) VALUES
(27, 3, 12);
INSERT INTO moykiv_newcfashion.Colors_Products(ID, id_color, id_product) VALUES
(28, 5, 13);
INSERT INTO moykiv_newcfashion.Colors_Products(ID, id_color, id_product) VALUES
(29, 2, 14);
INSERT INTO moykiv_newcfashion.Colors_Products(ID, id_color, id_product) VALUES
(30, 3, 14);
INSERT INTO moykiv_newcfashion.Colors_Products(ID, id_color, id_product) VALUES
(31, 5, 15);
INSERT INTO moykiv_newcfashion.Colors_Products(ID, id_color, id_product) VALUES
(32, 4, 16);
INSERT INTO moykiv_newcfashion.Colors_Products(ID, id_color, id_product) VALUES
(33, 3, 17);
INSERT INTO moykiv_newcfashion.Colors_Products(ID, id_color, id_product) VALUES
(34, 2, 18);
INSERT INTO moykiv_newcfashion.Colors_Products(ID, id_color, id_product) VALUES
(35, 4, 19);
INSERT INTO moykiv_newcfashion.Colors_Products(ID, id_color, id_product) VALUES
(36, 4, 20);
INSERT INTO moykiv_newcfashion.Colors_Products(ID, id_color, id_product) VALUES
(37, 5, 21);
INSERT INTO moykiv_newcfashion.Colors_Products(ID, id_color, id_product) VALUES
(38, 3, 22);
INSERT INTO moykiv_newcfashion.Colors_Products(ID, id_color, id_product) VALUES
(39, 2, 23);
INSERT INTO moykiv_newcfashion.Colors_Products(ID, id_color, id_product) VALUES
(40, 3, 23);
INSERT INTO moykiv_newcfashion.Colors_Products(ID, id_color, id_product) VALUES
(41, 9, 23);
INSERT INTO moykiv_newcfashion.Colors_Products(ID, id_color, id_product) VALUES
(42, 1, 24);
INSERT INTO moykiv_newcfashion.Colors_Products(ID, id_color, id_product) VALUES
(43, 1, 25);
INSERT INTO moykiv_newcfashion.Colors_Products(ID, id_color, id_product) VALUES
(44, 1, 26);
INSERT INTO moykiv_newcfashion.Colors_Products(ID, id_color, id_product) VALUES
(45, 10, 27);
INSERT INTO moykiv_newcfashion.Colors_Products(ID, id_color, id_product) VALUES
(47, 13, 28);
INSERT INTO moykiv_newcfashion.Colors_Products(ID, id_color, id_product) VALUES
(48, 3, 29);
INSERT INTO moykiv_newcfashion.Colors_Products(ID, id_color, id_product) VALUES
(49, 4, 30);
INSERT INTO moykiv_newcfashion.Colors_Products(ID, id_color, id_product) VALUES
(50, 3, 31);
INSERT INTO moykiv_newcfashion.Colors_Products(ID, id_color, id_product) VALUES
(51, 4, 32);
INSERT INTO moykiv_newcfashion.Colors_Products(ID, id_color, id_product) VALUES
(52, 6, 33);
INSERT INTO moykiv_newcfashion.Colors_Products(ID, id_color, id_product) VALUES
(53, 2, 34);
INSERT INTO moykiv_newcfashion.Colors_Products(ID, id_color, id_product) VALUES
(54, 2, 35);
INSERT INTO moykiv_newcfashion.Colors_Products(ID, id_color, id_product) VALUES
(55, 2, 36);
INSERT INTO moykiv_newcfashion.Colors_Products(ID, id_color, id_product) VALUES
(56, 2, 37);
INSERT INTO moykiv_newcfashion.Colors_Products(ID, id_color, id_product) VALUES
(57, 3, 38);
INSERT INTO moykiv_newcfashion.Colors_Products(ID, id_color, id_product) VALUES
(58, 7, 39);
INSERT INTO moykiv_newcfashion.Colors_Products(ID, id_color, id_product) VALUES
(59, 4, 40);
INSERT INTO moykiv_newcfashion.Colors_Products(ID, id_color, id_product) VALUES
(60, 3, 41);
INSERT INTO moykiv_newcfashion.Colors_Products(ID, id_color, id_product) VALUES
(61, 5, 41);
INSERT INTO moykiv_newcfashion.Colors_Products(ID, id_color, id_product) VALUES
(62, 1, 42);
INSERT INTO moykiv_newcfashion.Colors_Products(ID, id_color, id_product) VALUES
(63, 4, 43);
INSERT INTO moykiv_newcfashion.Colors_Products(ID, id_color, id_product) VALUES
(64, 2, 43);
INSERT INTO moykiv_newcfashion.Colors_Products(ID, id_color, id_product) VALUES
(65, 13, 44);
INSERT INTO moykiv_newcfashion.Colors_Products(ID, id_color, id_product) VALUES
(66, 13, 45);
INSERT INTO moykiv_newcfashion.Colors_Products(ID, id_color, id_product) VALUES
(67, 2, 46);
INSERT INTO moykiv_newcfashion.Colors_Products(ID, id_color, id_product) VALUES
(68, 3, 47);
INSERT INTO moykiv_newcfashion.Colors_Products(ID, id_color, id_product) VALUES
(69, 2, 48);
INSERT INTO moykiv_newcfashion.Colors_Products(ID, id_color, id_product) VALUES
(70, 11, 49);
INSERT INTO moykiv_newcfashion.Colors_Products(ID, id_color, id_product) VALUES
(71, 2, 50);
INSERT INTO moykiv_newcfashion.Colors_Products(ID, id_color, id_product) VALUES
(72, 2, 51);
INSERT INTO moykiv_newcfashion.Colors_Products(ID, id_color, id_product) VALUES
(73, 3, 52);
INSERT INTO moykiv_newcfashion.Colors_Products(ID, id_color, id_product) VALUES
(74, 3, 53);
INSERT INTO moykiv_newcfashion.Colors_Products(ID, id_color, id_product) VALUES
(75, 2, 54);

INSERT INTO moykiv_newcfashion.Pictures(id_picture, file_name) VALUES
(38, '5_6cc0a7e27d2dea5d3cf5bf72d94a77f8.jpg');
INSERT INTO moykiv_newcfashion.Pictures(id_picture, file_name) VALUES
(39, '5_bb51031d68f2994c5425b10a578b5b9b.jpg');
INSERT INTO moykiv_newcfashion.Pictures(id_picture, file_name) VALUES
(40, '5_7f6ded8c2297c66d2685f624c7bdac1f.jpg');
INSERT INTO moykiv_newcfashion.Pictures(id_picture, file_name) VALUES
(41, '5_a2c65833f71d6e313da57df41332ed23.jpg');
INSERT INTO moykiv_newcfashion.Pictures(id_picture, file_name) VALUES
(42, '5_f0ac34ead7b77cff1103b611569f68a4.jpg');
INSERT INTO moykiv_newcfashion.Pictures(id_picture, file_name) VALUES
(43, '4_c2a75339b155d0e846732f690a655b4f.jpg');
INSERT INTO moykiv_newcfashion.Pictures(id_picture, file_name) VALUES
(44, '4_e504b926962b6a29d3d2d4206b3122f6.jpg');
INSERT INTO moykiv_newcfashion.Pictures(id_picture, file_name) VALUES
(45, '4_3d84a69b8ba7a67ea1ae16b9c9dd14a8.jpg');
INSERT INTO moykiv_newcfashion.Pictures(id_picture, file_name) VALUES
(47, '6_12c0678581907ec1ce570ebe3a75e6f1.jpg');
INSERT INTO moykiv_newcfashion.Pictures(id_picture, file_name) VALUES
(48, '6_f0eb7409a798c1d07101ffdca323f0b5.jpg');
INSERT INTO moykiv_newcfashion.Pictures(id_picture, file_name) VALUES
(49, '6_46fd9ab1c18b97d4dfbcaacbc4ef31e9.jpg');
INSERT INTO moykiv_newcfashion.Pictures(id_picture, file_name) VALUES
(50, '6_d30402364c67ba74e9868bb0b4055f61.jpg');
INSERT INTO moykiv_newcfashion.Pictures(id_picture, file_name) VALUES
(51, '6_68619b488006440b11d4dea8143827c8.jpg');
INSERT INTO moykiv_newcfashion.Pictures(id_picture, file_name) VALUES
(52, '6_f1c19c6d0e82f63560f65022090c01c4.jpg');
INSERT INTO moykiv_newcfashion.Pictures(id_picture, file_name) VALUES
(53, '6_06f5e4010dfe7d64017de7b823977923.jpg');
INSERT INTO moykiv_newcfashion.Pictures(id_picture, file_name) VALUES
(54, '3_476e51812472e80cf8252b431fdc6806.jpg');
INSERT INTO moykiv_newcfashion.Pictures(id_picture, file_name) VALUES
(55, '3_82e046ca25907f0efc12f3c64157a4ea.jpg');
INSERT INTO moykiv_newcfashion.Pictures(id_picture, file_name) VALUES
(56, '3_8821f36b63cdfb7643415465f33a4938.jpg');
INSERT INTO moykiv_newcfashion.Pictures(id_picture, file_name) VALUES
(57, '2_f4e7aec99a52b925dc60d2a967f6234f.jpg');
INSERT INTO moykiv_newcfashion.Pictures(id_picture, file_name) VALUES
(58, '2_48e59e72d08c30bc645c8367d95d7647.jpg');
INSERT INTO moykiv_newcfashion.Pictures(id_picture, file_name) VALUES
(61, '7_ac0481e7c2147d111dd8443c9879ac19.jpg');
INSERT INTO moykiv_newcfashion.Pictures(id_picture, file_name) VALUES
(62, '7_6d7c12ef3fe208ac7685c8f4457a0907.jpg');
INSERT INTO moykiv_newcfashion.Pictures(id_picture, file_name) VALUES
(63, '7_8647fb65c10274dbbaa4de9405ae19da.jpg');
INSERT INTO moykiv_newcfashion.Pictures(id_picture, file_name) VALUES
(64, '8_a3e0c1a6cdbb6e91758e9e76c4c7a336.jpg');
INSERT INTO moykiv_newcfashion.Pictures(id_picture, file_name) VALUES
(65, '8_324e4f9a504103adfb200bf2c4c989d6.jpg');
INSERT INTO moykiv_newcfashion.Pictures(id_picture, file_name) VALUES
(66, '8_00637fc7fd854b99180f045ffd0c8f53.jpg');
INSERT INTO moykiv_newcfashion.Pictures(id_picture, file_name) VALUES
(67, '8_4c9d5b0cbc1c580846271e062408b927.jpg');
INSERT INTO moykiv_newcfashion.Pictures(id_picture, file_name) VALUES
(68, '9_af939a12109633cb0773c2f833d00176.jpg');
INSERT INTO moykiv_newcfashion.Pictures(id_picture, file_name) VALUES
(69, '9_27375c7452377c49095369ebc9d15cf0.jpg');
INSERT INTO moykiv_newcfashion.Pictures(id_picture, file_name) VALUES
(70, '10_bc8f1a86252572901e615d72e746bef5.jpg');
INSERT INTO moykiv_newcfashion.Pictures(id_picture, file_name) VALUES
(72, '10_edb29c5e8fbf82c41fa79798f8380737.jpg');
INSERT INTO moykiv_newcfashion.Pictures(id_picture, file_name) VALUES
(78, '12_6810634a4b8fc6825da6f8f2db16a6b1.jpg');
INSERT INTO moykiv_newcfashion.Pictures(id_picture, file_name) VALUES
(79, '12_85efd006e751da20192b550256f4d85e.jpg');
INSERT INTO moykiv_newcfashion.Pictures(id_picture, file_name) VALUES
(80, '12_adc5b21c272cd1f43bbdee7f1de6c09f.jpg');
INSERT INTO moykiv_newcfashion.Pictures(id_picture, file_name) VALUES
(81, '12_6aeefbe7c4828f8728adf6d739f6be51.jpg');
INSERT INTO moykiv_newcfashion.Pictures(id_picture, file_name) VALUES
(82, '12_19b24d9406d638eb777dfbcb34abbc33.jpg');
INSERT INTO moykiv_newcfashion.Pictures(id_picture, file_name) VALUES
(87, '13_fc9830d724023bb4131ec69633761222.jpg');
INSERT INTO moykiv_newcfashion.Pictures(id_picture, file_name) VALUES
(88, '13_de64dccc1ffa4e5ab8a7b5dcf72b2530.jpg');
INSERT INTO moykiv_newcfashion.Pictures(id_picture, file_name) VALUES
(89, '13_1a58e7e7120c54d0bfb80ec0c91c80cb.jpg');
INSERT INTO moykiv_newcfashion.Pictures(id_picture, file_name) VALUES
(93, '14_481e7d58e4875f88e2c34d398ab8b1e6.jpg');
INSERT INTO moykiv_newcfashion.Pictures(id_picture, file_name) VALUES
(94, '14_ac1d289d5f31915757a47b732f359e2c.jpg');
INSERT INTO moykiv_newcfashion.Pictures(id_picture, file_name) VALUES
(97, '15_802c5878bc547539257988f634db722b.jpg');
INSERT INTO moykiv_newcfashion.Pictures(id_picture, file_name) VALUES
(100, '16_d7067faeeaf02adbc85915f12a5476e0.jpg');
INSERT INTO moykiv_newcfashion.Pictures(id_picture, file_name) VALUES
(101, '16_30cbefd8e221b34643be03f21074bb7a.jpg');
INSERT INTO moykiv_newcfashion.Pictures(id_picture, file_name) VALUES
(102, '16_59eaed500a8e40554d5f79b0c30a5c3d.jpg');
INSERT INTO moykiv_newcfashion.Pictures(id_picture, file_name) VALUES
(103, '16_5e3e20382c8611107954e44476bbd5ca.jpg');
INSERT INTO moykiv_newcfashion.Pictures(id_picture, file_name) VALUES
(104, '17_7a7f22410c84710169c60f02d50f3049.jpg');
INSERT INTO moykiv_newcfashion.Pictures(id_picture, file_name) VALUES
(105, '17_9e064bdf0217ed47f314a32a368157a2.jpg');
INSERT INTO moykiv_newcfashion.Pictures(id_picture, file_name) VALUES
(106, '17_867de845e113ecf17bf946a6b9723d53.jpg');
INSERT INTO moykiv_newcfashion.Pictures(id_picture, file_name) VALUES
(107, '18_a48fc2656c7560433360b9aaecca4d47.jpg');
INSERT INTO moykiv_newcfashion.Pictures(id_picture, file_name) VALUES
(108, '18_883c044eaf11f622a02e0c03b35d862b.jpg');
INSERT INTO moykiv_newcfashion.Pictures(id_picture, file_name) VALUES
(109, '18_9e4bfdae19ee1343ac3d54eff806d191.jpg');
INSERT INTO moykiv_newcfashion.Pictures(id_picture, file_name) VALUES
(110, '19_4a1e732f94e84a8353d8e394c0da90bf.jpg');
INSERT INTO moykiv_newcfashion.Pictures(id_picture, file_name) VALUES
(113, '19_764eac8a5bb92ef4e67c7bb21e9e97b5.jpg');
INSERT INTO moykiv_newcfashion.Pictures(id_picture, file_name) VALUES
(114, '19_b073ca37241fc51746fa8a25a40038b1.jpg');
INSERT INTO moykiv_newcfashion.Pictures(id_picture, file_name) VALUES
(116, '14_bac077585d7e91e8e92e9aa74539c5fb.jpg');
INSERT INTO moykiv_newcfashion.Pictures(id_picture, file_name) VALUES
(117, '20_846156a8d18c87bfd0d5725cbe09bc3e.jpg');
INSERT INTO moykiv_newcfashion.Pictures(id_picture, file_name) VALUES
(118, '20_a0d52f2f4487753a2c9e6c7aa4df3a1f.jpg');
INSERT INTO moykiv_newcfashion.Pictures(id_picture, file_name) VALUES
(119, '20_03c8e5041891c5cb042c6275eb9d59a6.jpg');
INSERT INTO moykiv_newcfashion.Pictures(id_picture, file_name) VALUES
(120, '20_aeb029f7d8a232f81923e9d9001bf63b.jpg');
INSERT INTO moykiv_newcfashion.Pictures(id_picture, file_name) VALUES
(123, '21_8ba6a28d27d24735ac03f8a0ba396461.jpg');
INSERT INTO moykiv_newcfashion.Pictures(id_picture, file_name) VALUES
(126, '21_847c761b880953a8ea9ee9787c499583.jpg');
INSERT INTO moykiv_newcfashion.Pictures(id_picture, file_name) VALUES
(129, '21_4e16349555c81766368b5b1c62514bc7.jpg');
INSERT INTO moykiv_newcfashion.Pictures(id_picture, file_name) VALUES
(131, '21_6de209eb807894ddf95a2cbbbb60f2dd.jpg');
INSERT INTO moykiv_newcfashion.Pictures(id_picture, file_name) VALUES
(132, '22_5b8bf384bd18e0897fce0854b30ec5b3.jpg');
INSERT INTO moykiv_newcfashion.Pictures(id_picture, file_name) VALUES
(133, '22_c10d06a5f725f6e2908b4e7778c47e95.jpg');
INSERT INTO moykiv_newcfashion.Pictures(id_picture, file_name) VALUES
(134, '22_519e6505398d45133f240d876f0047eb.jpg');
INSERT INTO moykiv_newcfashion.Pictures(id_picture, file_name) VALUES
(135, '22_bc0052fe0fa3720f744b2ea4473e7a7e.jpg');
INSERT INTO moykiv_newcfashion.Pictures(id_picture, file_name) VALUES
(140, '23_0ebb976fbe82370e0e7dbef07a3d172b.jpg');
INSERT INTO moykiv_newcfashion.Pictures(id_picture, file_name) VALUES
(141, '23_34d5f93a92d3c9490fc9579f4c6c3532.jpg');
INSERT INTO moykiv_newcfashion.Pictures(id_picture, file_name) VALUES
(142, '23_3bbad44b832c8cf38006f383ca206034.jpg');
INSERT INTO moykiv_newcfashion.Pictures(id_picture, file_name) VALUES
(143, '23_f811eac647db5ea4fa74133a317145b8.jpg');
INSERT INTO moykiv_newcfashion.Pictures(id_picture, file_name) VALUES
(144, '23_4d7126e942a74f95e6fa9d42564da9b1.jpg');
INSERT INTO moykiv_newcfashion.Pictures(id_picture, file_name) VALUES
(148, '24_de8ab915761bd61d8febfed8c9bbc6be.jpg');
INSERT INTO moykiv_newcfashion.Pictures(id_picture, file_name) VALUES
(149, '24_e6bb815ded7f73229feb08941df82e5d.jpg');
INSERT INTO moykiv_newcfashion.Pictures(id_picture, file_name) VALUES
(150, '24_9f9c0b0ab9a36660459877f0f798403f.jpg');
INSERT INTO moykiv_newcfashion.Pictures(id_picture, file_name) VALUES
(153, '26_380cf239202d0b0c5c388e935b1171c5.jpg');
INSERT INTO moykiv_newcfashion.Pictures(id_picture, file_name) VALUES
(154, '26_72751cd3e9d7e58779001cbff04a1713.jpg');
INSERT INTO moykiv_newcfashion.Pictures(id_picture, file_name) VALUES
(155, '26_17a5cb2ff351d8e625e59b4a9dcb3f28.jpg');
INSERT INTO moykiv_newcfashion.Pictures(id_picture, file_name) VALUES
(156, '27_3cdd29423a0eadb415fe4797c6eb2882.jpg');
INSERT INTO moykiv_newcfashion.Pictures(id_picture, file_name) VALUES
(157, '27_647ae69e2a4f76748a6cf0b8593ca3fe.jpg');
INSERT INTO moykiv_newcfashion.Pictures(id_picture, file_name) VALUES
(158, '27_09b1f7650c5c37bc2c5c99708d0e45c1.jpg');
INSERT INTO moykiv_newcfashion.Pictures(id_picture, file_name) VALUES
(159, '28_9bfa7550bff51e6a14ac959d008d91ed.jpg');
INSERT INTO moykiv_newcfashion.Pictures(id_picture, file_name) VALUES
(160, '28_1a69f4663b2d1e06ffc527c7bebb4be7.jpg');
INSERT INTO moykiv_newcfashion.Pictures(id_picture, file_name) VALUES
(161, '28_7671a1dae7c41e3b40914aa433cc058e.jpg');
INSERT INTO moykiv_newcfashion.Pictures(id_picture, file_name) VALUES
(164, '29_3049844fabde659f0d072078ce082a57.jpg');
INSERT INTO moykiv_newcfashion.Pictures(id_picture, file_name) VALUES
(165, '29_cd7377e91c5e2523f7a016c043f2b02e.jpg');
INSERT INTO moykiv_newcfashion.Pictures(id_picture, file_name) VALUES
(166, '29_a9fd3647779ba95b97f2feadc3923c61.jpg');
INSERT INTO moykiv_newcfashion.Pictures(id_picture, file_name) VALUES
(168, '25_4739c964736e48dff435b37cb6fb2c5b.jpg');
INSERT INTO moykiv_newcfashion.Pictures(id_picture, file_name) VALUES
(169, '25_1b355d9e701d5c34731e18a610e0d15e.jpg');
INSERT INTO moykiv_newcfashion.Pictures(id_picture, file_name) VALUES
(170, '25_fa47177c80dd55c3edddebb09181fc2d.jpg');
INSERT INTO moykiv_newcfashion.Pictures(id_picture, file_name) VALUES
(171, '27_66f4ad3b4a7ef36dd274ee49305ffedc.jpg');
INSERT INTO moykiv_newcfashion.Pictures(id_picture, file_name) VALUES
(172, '28_b6133ba3d0845298f90d1b03696092bd.jpg');
INSERT INTO moykiv_newcfashion.Pictures(id_picture, file_name) VALUES
(173, '30_8a557940bb6411e01f2b350c1fcaef35.jpg');
INSERT INTO moykiv_newcfashion.Pictures(id_picture, file_name) VALUES
(174, '30_1302ae8c35d5d9fd0c47b174a8024b75.jpg');
INSERT INTO moykiv_newcfashion.Pictures(id_picture, file_name) VALUES
(178, '31_ffdd751371b8d23588cac386c2cd5283.jpg');
INSERT INTO moykiv_newcfashion.Pictures(id_picture, file_name) VALUES
(179, '31_dfb2b5cb05941a557ad6f9ccc7c6ffc4.jpg');
INSERT INTO moykiv_newcfashion.Pictures(id_picture, file_name) VALUES
(180, '32_6841860db874f497df8ba45376ef7bb6.jpg');
INSERT INTO moykiv_newcfashion.Pictures(id_picture, file_name) VALUES
(181, '32_4ac25b2a9c579dc737ef899147fbf8bc.jpg');
INSERT INTO moykiv_newcfashion.Pictures(id_picture, file_name) VALUES
(182, '32_15a1a16a106e37360f1ac0e93ffba27f.jpg');
INSERT INTO moykiv_newcfashion.Pictures(id_picture, file_name) VALUES
(183, '33_9a20c4646e8a7a6848f10c71015ff797.jpg');
INSERT INTO moykiv_newcfashion.Pictures(id_picture, file_name) VALUES
(184, '33_e5bef5f83e0cb089247b68b1314ca04d.jpg');
INSERT INTO moykiv_newcfashion.Pictures(id_picture, file_name) VALUES
(187, '34_7c5fbfde49d5b29d4bd71c790919de23.jpg');
INSERT INTO moykiv_newcfashion.Pictures(id_picture, file_name) VALUES
(188, '34_bd582b56a0100f21dc12c3def496113e.jpg');
INSERT INTO moykiv_newcfashion.Pictures(id_picture, file_name) VALUES
(189, '34_16dc924ef8abe41529818fd3a01f3631.jpg');
INSERT INTO moykiv_newcfashion.Pictures(id_picture, file_name) VALUES
(190, '35_0c61ae326ce7d238537370f9bc603e8d.jpg');
INSERT INTO moykiv_newcfashion.Pictures(id_picture, file_name) VALUES
(191, '35_72786c69acf4a92ee7d6dc12ad47df84.jpg');
INSERT INTO moykiv_newcfashion.Pictures(id_picture, file_name) VALUES
(192, '35_10c5f394df8378e564e50eda9fdeaac1.jpg');
INSERT INTO moykiv_newcfashion.Pictures(id_picture, file_name) VALUES
(193, '30_0df01ca87ea823340a54572e9abed619.jpg');
INSERT INTO moykiv_newcfashion.Pictures(id_picture, file_name) VALUES
(194, '36_ba4b2b26be3c017754f789df3493f87e.jpg');
INSERT INTO moykiv_newcfashion.Pictures(id_picture, file_name) VALUES
(195, '36_58554e42d0e1d07e1e3e45e8bf4c9f97.jpg');
INSERT INTO moykiv_newcfashion.Pictures(id_picture, file_name) VALUES
(196, '37_7f75dbd07aafb45e01e55723d4e1177b.jpg');
INSERT INTO moykiv_newcfashion.Pictures(id_picture, file_name) VALUES
(197, '37_af9e434539b7517d52f85d353152dc36.jpg');
INSERT INTO moykiv_newcfashion.Pictures(id_picture, file_name) VALUES
(198, '38_6a8f1b8851b211bee02c9cb4d456ac14.jpg');
INSERT INTO moykiv_newcfashion.Pictures(id_picture, file_name) VALUES
(199, '38_2297e33bf9bf700ef1356430acfeb180.jpg');
INSERT INTO moykiv_newcfashion.Pictures(id_picture, file_name) VALUES
(200, '38_0e3d83cf5cd8ec625bd9ecc0841244df.jpg');
INSERT INTO moykiv_newcfashion.Pictures(id_picture, file_name) VALUES
(201, '38_6e37af73d87c195dee44304878522461.jpg');
INSERT INTO moykiv_newcfashion.Pictures(id_picture, file_name) VALUES
(202, '39_d0c05825b93dad4c8b4e69ef5a61b773.jpg');
INSERT INTO moykiv_newcfashion.Pictures(id_picture, file_name) VALUES
(203, '39_0faf80014fd46dd926423613e0c8e2b0.jpg');
INSERT INTO moykiv_newcfashion.Pictures(id_picture, file_name) VALUES
(204, '39_7ff5cf1716baaeab09c66bb259a91b13.jpg');
INSERT INTO moykiv_newcfashion.Pictures(id_picture, file_name) VALUES
(205, '39_fde1eae7b43edb9e97a3090d86bf9a10.jpg');
INSERT INTO moykiv_newcfashion.Pictures(id_picture, file_name) VALUES
(206, '40_5f50c5e3d40d695d84e5647a19a67408.jpg');
INSERT INTO moykiv_newcfashion.Pictures(id_picture, file_name) VALUES
(207, '40_72d9571a428f10357d937a0995975276.jpg');
INSERT INTO moykiv_newcfashion.Pictures(id_picture, file_name) VALUES
(208, '40_7957fb9157148385d100fa9c5db5b736.jpg');
INSERT INTO moykiv_newcfashion.Pictures(id_picture, file_name) VALUES
(209, '40_dcc56e61c3656cc811713a10355947f9.jpg');
INSERT INTO moykiv_newcfashion.Pictures(id_picture, file_name) VALUES
(210, '41_05270869a8de8fdef847ad7533ba3c00.jpg');
INSERT INTO moykiv_newcfashion.Pictures(id_picture, file_name) VALUES
(211, '41_7bdb8bf4bbb9a37192cc903aa963779b.jpg');
INSERT INTO moykiv_newcfashion.Pictures(id_picture, file_name) VALUES
(212, '41_c2095e7e11e5baec1f8244e81dfca541.jpg');
INSERT INTO moykiv_newcfashion.Pictures(id_picture, file_name) VALUES
(213, '41_0652bf9d719cd157e2ae098982543dae.jpg');
INSERT INTO moykiv_newcfashion.Pictures(id_picture, file_name) VALUES
(214, '41_a395ae4440a72d7085cf7d730a837149.jpg');
INSERT INTO moykiv_newcfashion.Pictures(id_picture, file_name) VALUES
(215, '42_8a0beb6b5ba10a56dc14d55ad32fe446.jpg');
INSERT INTO moykiv_newcfashion.Pictures(id_picture, file_name) VALUES
(216, '42_3c566350aee5cdbdbc5fe00d3943be0b.jpg');
INSERT INTO moykiv_newcfashion.Pictures(id_picture, file_name) VALUES
(217, '43_2a4d3d6a7f5077ac5901e7a1e83766a5.jpg');
INSERT INTO moykiv_newcfashion.Pictures(id_picture, file_name) VALUES
(218, '43_62a8d9c0ea980047db493149a736e2d0.jpg');
INSERT INTO moykiv_newcfashion.Pictures(id_picture, file_name) VALUES
(219, '43_f3e6c5415d44d5eb6deb1ab04d42c1ae.jpg');
INSERT INTO moykiv_newcfashion.Pictures(id_picture, file_name) VALUES
(220, '43_ad7643121142979bf5a773cd99b71845.jpg');
INSERT INTO moykiv_newcfashion.Pictures(id_picture, file_name) VALUES
(221, '44_41e4797eb06aadd3cf399bf529e1e098.jpg');
INSERT INTO moykiv_newcfashion.Pictures(id_picture, file_name) VALUES
(222, '44_19e6c1425630b0fa0137342cc0057234.jpg');
INSERT INTO moykiv_newcfashion.Pictures(id_picture, file_name) VALUES
(223, '44_5e1b2985db1069bb29e6d9c845fde05e.jpg');
INSERT INTO moykiv_newcfashion.Pictures(id_picture, file_name) VALUES
(224, '44_ab7b982653b65cd69c74eac8badcbb90.jpg');
INSERT INTO moykiv_newcfashion.Pictures(id_picture, file_name) VALUES
(225, '45_c90171dc086432bb417ca5f0d4bb9789.jpg');
INSERT INTO moykiv_newcfashion.Pictures(id_picture, file_name) VALUES
(226, '45_99b83d158c49b0d1c6942dd06986ab09.jpg');
INSERT INTO moykiv_newcfashion.Pictures(id_picture, file_name) VALUES
(227, '45_12f4cce5e9c8c24297e92c6064a9030e.jpg');
INSERT INTO moykiv_newcfashion.Pictures(id_picture, file_name) VALUES
(228, '46_dd7b09aaee7080a4337025e986255cb7.jpg');
INSERT INTO moykiv_newcfashion.Pictures(id_picture, file_name) VALUES
(229, '46_6e692c08c45e7f69a437b401bde09cd5.jpg');
INSERT INTO moykiv_newcfashion.Pictures(id_picture, file_name) VALUES
(230, '47_9a057a93d21a0f36a460983538c5345f.jpg');
INSERT INTO moykiv_newcfashion.Pictures(id_picture, file_name) VALUES
(231, '47_eefb5d20c68df43d66599eb9df4cbb9d.jpg');
INSERT INTO moykiv_newcfashion.Pictures(id_picture, file_name) VALUES
(232, '47_602dd974e190d99857f9a02d2ca80870.jpg');
INSERT INTO moykiv_newcfashion.Pictures(id_picture, file_name) VALUES
(233, '47_c91d5e3c57c32485bed87b2d4a590c2f.jpg');
INSERT INTO moykiv_newcfashion.Pictures(id_picture, file_name) VALUES
(234, '47_768d86b685e6c0f4cdf9d7ee59f7762a.jpg');
INSERT INTO moykiv_newcfashion.Pictures(id_picture, file_name) VALUES
(235, '48_ed4cf567a3f895fde211036affa89781.jpg');
INSERT INTO moykiv_newcfashion.Pictures(id_picture, file_name) VALUES
(236, '48_e45db9a7150998ea3687588ff63727e2.jpg');
INSERT INTO moykiv_newcfashion.Pictures(id_picture, file_name) VALUES
(237, '48_e0414e4191b9d0a8c9346f038ef62b7f.jpg');
INSERT INTO moykiv_newcfashion.Pictures(id_picture, file_name) VALUES
(238, '49_6115f988eacf0b2f6bb85b07e7ab11fe.jpg');
INSERT INTO moykiv_newcfashion.Pictures(id_picture, file_name) VALUES
(239, '49_cb68277816f7911138c43bc96c003446.jpg');
INSERT INTO moykiv_newcfashion.Pictures(id_picture, file_name) VALUES
(240, '49_9cf33036404b2e8889ca4ad830d66561.jpg');
INSERT INTO moykiv_newcfashion.Pictures(id_picture, file_name) VALUES
(241, '49_3d7b6539ba90482bf025ff46428ffbb8.jpg');
INSERT INTO moykiv_newcfashion.Pictures(id_picture, file_name) VALUES
(242, '50_10d6910b25c26a87cffc377782c655d9.jpg');
INSERT INTO moykiv_newcfashion.Pictures(id_picture, file_name) VALUES
(243, '50_fd1bd8e0ed99457e315713a75b0d78dd.jpg');
INSERT INTO moykiv_newcfashion.Pictures(id_picture, file_name) VALUES
(244, '50_5b92e213ceba57df6d4944ebaf02d001.jpg');
INSERT INTO moykiv_newcfashion.Pictures(id_picture, file_name) VALUES
(245, '51_4032e143ee0e2ba7bc1419bee14e81d5.jpg');
INSERT INTO moykiv_newcfashion.Pictures(id_picture, file_name) VALUES
(246, '52_41ebb43fb5405df17886c9f3ba0bf827.jpg');
INSERT INTO moykiv_newcfashion.Pictures(id_picture, file_name) VALUES
(247, '53_053994cdca48bcad4996200534993c49.jpg');
INSERT INTO moykiv_newcfashion.Pictures(id_picture, file_name) VALUES
(248, '53_4ee0240fa098542cb3a307d550036dae.jpg');
INSERT INTO moykiv_newcfashion.Pictures(id_picture, file_name) VALUES
(250, '54_288476adf69288b89906d9319601d74f.jpg');
INSERT INTO moykiv_newcfashion.Pictures(id_picture, file_name) VALUES
(251, '54_b9a7432461e74adbfb585344424c679e.jpg');
INSERT INTO moykiv_newcfashion.Pictures(id_picture, file_name) VALUES
(252, '54_0b555d2dcdadc0f5e976e4b08fb1b3f4.jpg');
INSERT INTO moykiv_newcfashion.Pictures(id_picture, file_name) VALUES
(253, '54_e6747039df2a0a552b1e791d138bd55d.jpg');
INSERT INTO moykiv_newcfashion.Pictures(id_picture, file_name) VALUES
(254, '55_f508af96c3d5043f56ef02512ad1f040.jpg');
INSERT INTO moykiv_newcfashion.Pictures(id_picture, file_name) VALUES
(255, '55_32a2d9c487ff0f67303d25771efc6d4d.jpg');
INSERT INTO moykiv_newcfashion.Pictures(id_picture, file_name) VALUES
(256, '55_7f6429cf0324fe499bd33741114fc155.jpg');
INSERT INTO moykiv_newcfashion.Pictures(id_picture, file_name) VALUES
(257, '55_b58cd055ad8897c89a6e13ae7a6dbfc4.jpg');
INSERT INTO moykiv_newcfashion.Pictures(id_picture, file_name) VALUES
(258, '55_4d981c65448a962f089fb5b152d0ec60.jpg');
INSERT INTO moykiv_newcfashion.Pictures(id_picture, file_name) VALUES
(259, '56_ad0de6f09a1acbbded480e33afd386fa.jpg');
INSERT INTO moykiv_newcfashion.Pictures(id_picture, file_name) VALUES
(260, '56_038055f8ed8d2cd3f555e67776dbddcc.jpg');
INSERT INTO moykiv_newcfashion.Pictures(id_picture, file_name) VALUES
(261, '56_980daadd299f4e8aec28adb034be5020.jpg');
INSERT INTO moykiv_newcfashion.Pictures(id_picture, file_name) VALUES
(262, '56_7e92cb105dba3eb619eec4ea0eb38ea3.jpg');
INSERT INTO moykiv_newcfashion.Pictures(id_picture, file_name) VALUES
(263, '56_4db15b3279b0c04234d9675c0d2cf32d.jpg');
INSERT INTO moykiv_newcfashion.Pictures(id_picture, file_name) VALUES
(264, '57_7efd08803cb0bc4f3314d50381273b75.jpg');
INSERT INTO moykiv_newcfashion.Pictures(id_picture, file_name) VALUES
(265, '52_33798888abdf7dce46d57031afd10128.jpg');
INSERT INTO moykiv_newcfashion.Pictures(id_picture, file_name) VALUES
(266, '52_0c4406abdd69958b1e26540d1ab28553.jpg');
INSERT INTO moykiv_newcfashion.Pictures(id_picture, file_name) VALUES
(267, '52_7f9d2a6343486bdc1de724abb8c546ec.jpg');
INSERT INTO moykiv_newcfashion.Pictures(id_picture, file_name) VALUES
(268, '58_df69d91e2bffbb0b2aff8e37d51ce144.jpg');
INSERT INTO moykiv_newcfashion.Pictures(id_picture, file_name) VALUES
(269, '58_462f58ece0745ed475d0701f8edf4f0b.jpg');
INSERT INTO moykiv_newcfashion.Pictures(id_picture, file_name) VALUES
(270, '58_eea30b3274ddf7d817cb127e48552742.jpg');
INSERT INTO moykiv_newcfashion.Pictures(id_picture, file_name) VALUES
(271, '59_55e18ace1e9783c33148ebe38b3cc333.jpg');
INSERT INTO moykiv_newcfashion.Pictures(id_picture, file_name) VALUES
(272, '60_8eadd61447e31646a1e343d95aee74e4.jpg');
INSERT INTO moykiv_newcfashion.Pictures(id_picture, file_name) VALUES
(273, '61_1749783faeb1eced235afbe7f6f11c21.jpg');
INSERT INTO moykiv_newcfashion.Pictures(id_picture, file_name) VALUES
(274, '61_986e0cb330e07d2e451550c98eea50fa.jpg');
INSERT INTO moykiv_newcfashion.Pictures(id_picture, file_name) VALUES
(275, '61_8fa5052dae6374d4f454cbd1767ecd93.jpg');
INSERT INTO moykiv_newcfashion.Pictures(id_picture, file_name) VALUES
(276, '61_842bdcaebb4ad256760ffe47685d361a.jpg');
INSERT INTO moykiv_newcfashion.Pictures(id_picture, file_name) VALUES
(277, '62_895303b2fa3e23ee3b825e6fdfd32ae0.jpg');
INSERT INTO moykiv_newcfashion.Pictures(id_picture, file_name) VALUES
(278, '62_959fee9a19d375a2150d8ae1d1d0341c.jpg');
INSERT INTO moykiv_newcfashion.Pictures(id_picture, file_name) VALUES
(279, '62_63d0c736986b09afe923157c4981ac0b.jpg');
INSERT INTO moykiv_newcfashion.Pictures(id_picture, file_name) VALUES
(280, '62_4589e54a39512a11624c9080adf23ca8.jpg');
INSERT INTO moykiv_newcfashion.Pictures(id_picture, file_name) VALUES
(281, '63_8877ad93454c79df5adf18e2549aa0d4.jpg');
INSERT INTO moykiv_newcfashion.Pictures(id_picture, file_name) VALUES
(282, '63_d495f0f7ba1bda591f8d6895717e9106.jpg');
INSERT INTO moykiv_newcfashion.Pictures(id_picture, file_name) VALUES
(283, '63_314eba1f1cbaae7f732318c67e51b8bf.jpg');
INSERT INTO moykiv_newcfashion.Pictures(id_picture, file_name) VALUES
(284, '63_254392b2cb486bfa4d2b7ca596948089.jpg');
INSERT INTO moykiv_newcfashion.Pictures(id_picture, file_name) VALUES
(285, '73_952ba84f69869fb9bd17b8c8945809a1.jpg');
INSERT INTO moykiv_newcfashion.Pictures(id_picture, file_name) VALUES
(286, '73_c603f0f7977599049788067e2d0931fc.jpg');
INSERT INTO moykiv_newcfashion.Pictures(id_picture, file_name) VALUES
(288, '74_c234095f072679c289a6fc437c9d6cf6.jpg');
INSERT INTO moykiv_newcfashion.Pictures(id_picture, file_name) VALUES
(289, '74_3509982f44296af111618c71038b805f.jpg');
INSERT INTO moykiv_newcfashion.Pictures(id_picture, file_name) VALUES
(290, '2_b579eebb642c3d7145bb1d81b9ba60e2.jpg');
INSERT INTO moykiv_newcfashion.Pictures(id_picture, file_name) VALUES
(291, '2_ff8ac13e0ed473b435199d73fa10909c.jpg');
INSERT INTO moykiv_newcfashion.Pictures(id_picture, file_name) VALUES
(292, '2_810cb0886f399c25523ca963c0c5a1e6.jpg');
INSERT INTO moykiv_newcfashion.Pictures(id_picture, file_name) VALUES
(293, '75_a742679ad23c6d0535fe6022cfe665d7.jpg');
INSERT INTO moykiv_newcfashion.Pictures(id_picture, file_name) VALUES
(294, '75_ea38906c69059418d3e85f39cf05693f.jpg');
INSERT INTO moykiv_newcfashion.Pictures(id_picture, file_name) VALUES
(295, '76_29859179dfa7118502e3ff50a9e15358.jpg');
INSERT INTO moykiv_newcfashion.Pictures(id_picture, file_name) VALUES
(300, '76_94b618361557d73693d7d910dd15b15b.jpg');
INSERT INTO moykiv_newcfashion.Pictures(id_picture, file_name) VALUES
(301, '81_5d167089717d8d0091955c8a679be91b.jpg');
INSERT INTO moykiv_newcfashion.Pictures(id_picture, file_name) VALUES
(302, '82_895a53ec4a06bfa18dc2fda3ec4e847a.jpg');
INSERT INTO moykiv_newcfashion.Pictures(id_picture, file_name) VALUES
(303, '83_e281852ad3ff22c2ebdb2bd36ed6919c.jpg');
INSERT INTO moykiv_newcfashion.Pictures(id_picture, file_name) VALUES
(304, '46_3e21574877607f1f0f9f9544d2bdfe1a.jpg');
INSERT INTO moykiv_newcfashion.Pictures(id_picture, file_name) VALUES
(305, '46_537ef8c1c178071d4de2087c9202752e.jpg');
INSERT INTO moykiv_newcfashion.Pictures(id_picture, file_name) VALUES
(306, '84_633b3026f658fa0f7756a2310275be5a.jpg');
INSERT INTO moykiv_newcfashion.Pictures(id_picture, file_name) VALUES
(307, '84_b73fac32262efd0d92861cdfe6838f4a.jpg');
INSERT INTO moykiv_newcfashion.Pictures(id_picture, file_name) VALUES
(309, '84_43c267dc111f4789ac12787fa8b84f63.jpg');
INSERT INTO moykiv_newcfashion.Pictures(id_picture, file_name) VALUES
(310, '84_3de6a408c460d12f6b4a2ae84646b234.jpg');
INSERT INTO moykiv_newcfashion.Pictures(id_picture, file_name) VALUES
(311, '85_ff6f615ef1fea38ba6e1831a061b7925.jpg');
INSERT INTO moykiv_newcfashion.Pictures(id_picture, file_name) VALUES
(312, '85_53748467ee1ea3d0787a735fd0a01b2c.jpg');
INSERT INTO moykiv_newcfashion.Pictures(id_picture, file_name) VALUES
(313, '85_df979dc9c1f4639097023285fe64d37b.jpg');
INSERT INTO moykiv_newcfashion.Pictures(id_picture, file_name) VALUES
(316, '10_c2f1e498f358eb079fe9152ac715d820.jpg');
INSERT INTO moykiv_newcfashion.Pictures(id_picture, file_name) VALUES
(317, '54_e123ed738e6e6461c55cf295d24b0c4e.jpg');
INSERT INTO moykiv_newcfashion.Pictures(id_picture, file_name) VALUES
(318, '54_d8447aed993d82033d9f4fafdd431d2c.jpg');
INSERT INTO moykiv_newcfashion.Pictures(id_picture, file_name) VALUES
(320, '86_febd6981446a9364299111c80c115f30.jpg');
INSERT INTO moykiv_newcfashion.Pictures(id_picture, file_name) VALUES
(321, '37_df17b0c8cf8d50a478c09bac88c399db.jpg');
INSERT INTO moykiv_newcfashion.Pictures(id_picture, file_name) VALUES
(322, '87_9ae4a4a31f1b3ca9be36f7ff71924900.jpg');
INSERT INTO moykiv_newcfashion.Pictures(id_picture, file_name) VALUES
(323, '87_e78880ae3bfdfc0673db35ff1cc34eed.jpg');
INSERT INTO moykiv_newcfashion.Pictures(id_picture, file_name) VALUES
(324, '14_e6d6702088c2aa22c235dcd52792dbcd.jpg');
INSERT INTO moykiv_newcfashion.Pictures(id_picture, file_name) VALUES
(325, '14_3503fdfa4f6c77a0c2443c9e27040e11.jpg');
INSERT INTO moykiv_newcfashion.Pictures(id_picture, file_name) VALUES
(326, '33_6131b6c8ca71baeb9772b9b16fc0614f.jpg');
INSERT INTO moykiv_newcfashion.Pictures(id_picture, file_name) VALUES
(327, '33_7a3ca04691643d342d63c8cad9ffe386.jpg');
INSERT INTO moykiv_newcfashion.Pictures(id_picture, file_name) VALUES
(329, '81_33e1bca69fe2d831802b050fea6dd9bb.jpg');
INSERT INTO moykiv_newcfashion.Pictures(id_picture, file_name) VALUES
(332, '90_b75fc229fcb4d1563ccc2386cb7fbbd0.jpg');
INSERT INTO moykiv_newcfashion.Pictures(id_picture, file_name) VALUES
(333, '90_b214b0eda0dc72e30f8ac186192f3bb9.jpg');
INSERT INTO moykiv_newcfashion.Pictures(id_picture, file_name) VALUES
(334, '90_43d6c6161cb13c6cf1c6d89db02eb3dd.jpg');
INSERT INTO moykiv_newcfashion.Pictures(id_picture, file_name) VALUES
(335, '90_e09bb4514bc30a79e23caa770d371732.jpg');
INSERT INTO moykiv_newcfashion.Pictures(id_picture, file_name) VALUES
(336, '89_4a623015c0d2c7316587b91c4cb35093.jpg');
INSERT INTO moykiv_newcfashion.Pictures(id_picture, file_name) VALUES
(337, '88_69b286817f74ee30a4fc84f3109a32e0.jpg');
INSERT INTO moykiv_newcfashion.Pictures(id_picture, file_name) VALUES
(338, '86_47fd125cbfb176437d3f55156f8e5382.jpg');
INSERT INTO moykiv_newcfashion.Pictures(id_picture, file_name) VALUES
(339, '91_4a13fb34efc03ba10a3565b42da4f9a3.jpg');
INSERT INTO moykiv_newcfashion.Pictures(id_picture, file_name) VALUES
(340, '50_f6b8d9ba174e9e644b51594d44df7a25.jpg');
INSERT INTO moykiv_newcfashion.Pictures(id_picture, file_name) VALUES
(341, '88_8c581049bf95c4ca0646e064888f21d2.jpg');
INSERT INTO moykiv_newcfashion.Pictures(id_picture, file_name) VALUES
(342, '85_a21806ccf64d6b09016837ceb95d151d.jpg');
INSERT INTO moykiv_newcfashion.Pictures(id_picture, file_name) VALUES
(344, '85_586e7e71d9d99def1d6441494dc83b6d.jpg');
INSERT INTO moykiv_newcfashion.Pictures(id_picture, file_name) VALUES
(345, '91_e2c0e985393c104eceed7b39df371401.jpg');
INSERT INTO moykiv_newcfashion.Pictures(id_picture, file_name) VALUES
(346, '91_33c6c1f24f7bd1456084485eef6e860c.jpg');
INSERT INTO moykiv_newcfashion.Pictures(id_picture, file_name) VALUES
(347, '91_459d59eed6ab9aa5fae316ae325ccd74.jpg');
INSERT INTO moykiv_newcfashion.Pictures(id_picture, file_name) VALUES
(348, '89_925cb9b29842d38ae9e9594dc056e1fc.jpg');
INSERT INTO moykiv_newcfashion.Pictures(id_picture, file_name) VALUES
(349, '89_fb79bdefa6cbed123dbf95de8aba665e.jpg');
INSERT INTO moykiv_newcfashion.Pictures(id_picture, file_name) VALUES
(350, '92_4cc34b8f9f854ad5bb63fc2b56343591.jpg');
INSERT INTO moykiv_newcfashion.Pictures(id_picture, file_name) VALUES
(351, '92_245fe861130d59dc9818d9cf4a888c0d.jpg');
INSERT INTO moykiv_newcfashion.Pictures(id_picture, file_name) VALUES
(352, '92_c02be102d91ddd09e1e8998b7eadfdc3.jpg');
INSERT INTO moykiv_newcfashion.Pictures(id_picture, file_name) VALUES
(353, '92_5a83f710e54e1338052474e3f1a44b5d.jpg');
INSERT INTO moykiv_newcfashion.Pictures(id_picture, file_name) VALUES
(354, '5_6cc0a7e27d2dea5d3cf5bf72d94a77f8.jpg');
INSERT INTO moykiv_newcfashion.Pictures(id_picture, file_name) VALUES
(355, '5_bb51031d68f2994c5425b10a578b5b9b.jpg');
INSERT INTO moykiv_newcfashion.Pictures(id_picture, file_name) VALUES
(356, '5_7f6ded8c2297c66d2685f624c7bdac1f.jpg');
INSERT INTO moykiv_newcfashion.Pictures(id_picture, file_name) VALUES
(357, '5_a2c65833f71d6e313da57df41332ed23.jpg');
INSERT INTO moykiv_newcfashion.Pictures(id_picture, file_name) VALUES
(358, '5_f0ac34ead7b77cff1103b611569f68a4.jpg');
INSERT INTO moykiv_newcfashion.Pictures(id_picture, file_name) VALUES
(359, '4_c2a75339b155d0e846732f690a655b4f.jpg');
INSERT INTO moykiv_newcfashion.Pictures(id_picture, file_name) VALUES
(360, '4_e504b926962b6a29d3d2d4206b3122f6.jpg');
INSERT INTO moykiv_newcfashion.Pictures(id_picture, file_name) VALUES
(361, '4_3d84a69b8ba7a67ea1ae16b9c9dd14a8.jpg');
INSERT INTO moykiv_newcfashion.Pictures(id_picture, file_name) VALUES
(362, '6_12c0678581907ec1ce570ebe3a75e6f1.jpg');
INSERT INTO moykiv_newcfashion.Pictures(id_picture, file_name) VALUES
(363, '6_f0eb7409a798c1d07101ffdca323f0b5.jpg');
INSERT INTO moykiv_newcfashion.Pictures(id_picture, file_name) VALUES
(364, '6_46fd9ab1c18b97d4dfbcaacbc4ef31e9.jpg');
INSERT INTO moykiv_newcfashion.Pictures(id_picture, file_name) VALUES
(365, '6_d30402364c67ba74e9868bb0b4055f61.jpg');
INSERT INTO moykiv_newcfashion.Pictures(id_picture, file_name) VALUES
(366, '6_68619b488006440b11d4dea8143827c8.jpg');
INSERT INTO moykiv_newcfashion.Pictures(id_picture, file_name) VALUES
(367, '6_f1c19c6d0e82f63560f65022090c01c4.jpg');
INSERT INTO moykiv_newcfashion.Pictures(id_picture, file_name) VALUES
(368, '6_06f5e4010dfe7d64017de7b823977923.jpg');
INSERT INTO moykiv_newcfashion.Pictures(id_picture, file_name) VALUES
(369, '83_3765dfa86e79b7cc9866393e03b09c59.jpg');
INSERT INTO moykiv_newcfashion.Pictures(id_picture, file_name) VALUES
(370, '83_88371e2ebf49ed2a167920dcc3721e41.jpg');
INSERT INTO moykiv_newcfashion.Pictures(id_picture, file_name) VALUES
(371, '83_5bdc0adf489d22911d13da907755795d.jpg');
INSERT INTO moykiv_newcfashion.Pictures(id_picture, file_name) VALUES
(372, '94_29ea793bd8e3ad695d08f873e622cf94.jpg');
INSERT INTO moykiv_newcfashion.Pictures(id_picture, file_name) VALUES
(373, '94_ac3e07db22647fac120bc9ed3eb8a02e.jpg');
INSERT INTO moykiv_newcfashion.Pictures(id_picture, file_name) VALUES
(376, '36_7199ca0bb5e0f2de6aa036266d6af62f.jpg');
INSERT INTO moykiv_newcfashion.Pictures(id_picture, file_name) VALUES
(377, '95_4af7c33eeefce35ee0e712367c83e8fc.jpg');
INSERT INTO moykiv_newcfashion.Pictures(id_picture, file_name) VALUES
(378, '95_998eabcefa3b25a392f180ff42597ce2.jpg');
INSERT INTO moykiv_newcfashion.Pictures(id_picture, file_name) VALUES
(379, '95_1b97bac3b8fc3bb13c85df5e68f6e3af.jpg');
INSERT INTO moykiv_newcfashion.Pictures(id_picture, file_name) VALUES
(380, '95_043b90acd45ccf58a8e9ddf72975ffda.jpg');
INSERT INTO moykiv_newcfashion.Pictures(id_picture, file_name) VALUES
(381, '96_a936fa46048e38d26396bcd8e47fa65c.jpg');
INSERT INTO moykiv_newcfashion.Pictures(id_picture, file_name) VALUES
(382, '96_f4d17e926cdf90b4ddf264c64128e2ef.jpg');
INSERT INTO moykiv_newcfashion.Pictures(id_picture, file_name) VALUES
(383, '96_50e2f3c1fcceee2f5c2e64b04b77d180.jpg');
INSERT INTO moykiv_newcfashion.Pictures(id_picture, file_name) VALUES
(384, '96_611a9b76f95f0816dfc7d0a29146b500.jpg');
INSERT INTO moykiv_newcfashion.Pictures(id_picture, file_name) VALUES
(385, '96_2b66939c6ade30c8aa3d25889db7510a.jpg');
INSERT INTO moykiv_newcfashion.Pictures(id_picture, file_name) VALUES
(386, '9_8b2195fab1a0f48e9a63ac89c6b1732c.jpg');
INSERT INTO moykiv_newcfashion.Pictures(id_picture, file_name) VALUES
(387, '9_61b5b0279dda825a00721828afada3d2.jpg');
INSERT INTO moykiv_newcfashion.Pictures(id_picture, file_name) VALUES
(388, '96_84b7ada1b56721a2481059a3ea94de8c.jpg');
INSERT INTO moykiv_newcfashion.Pictures(id_picture, file_name) VALUES
(389, '96_6f4f5146ff821ffd123022bb435d8fc8.jpg');
INSERT INTO moykiv_newcfashion.Pictures(id_picture, file_name) VALUES
(390, '97_8c8747cd17932db34bd071a6a508a674.jpg');
INSERT INTO moykiv_newcfashion.Pictures(id_picture, file_name) VALUES
(391, '97_7495569e4bf67066920a3ca13e3796c4.jpg');
INSERT INTO moykiv_newcfashion.Pictures(id_picture, file_name) VALUES
(392, '97_153a76252bd711b98938c66bab965ec0.jpg');
INSERT INTO moykiv_newcfashion.Pictures(id_picture, file_name) VALUES
(393, '97_607bf7d95dcc6ad1ba30a482d0e35e51.jpg');
INSERT INTO moykiv_newcfashion.Pictures(id_picture, file_name) VALUES
(394, '14_1c4d5d79acec86f09e27af71654e3b49.jpg');
INSERT INTO moykiv_newcfashion.Pictures(id_picture, file_name) VALUES
(395, '14_d3e1db439493f10670e5ed2e4d21e65a.jpg');
INSERT INTO moykiv_newcfashion.Pictures(id_picture, file_name) VALUES
(396, '10_500a99ae97f347d2cf083e1b5d032329.jpg');
INSERT INTO moykiv_newcfashion.Pictures(id_picture, file_name) VALUES
(397, '10_5b44085d936cdecc50ac3710c7454125.jpg');
INSERT INTO moykiv_newcfashion.Pictures(id_picture, file_name) VALUES
(398, '10_ccfd6d7b26d91fb60b4b3d2feb3258ed.jpg');
INSERT INTO moykiv_newcfashion.Pictures(id_picture, file_name) VALUES
(399, '98_6e536b8e21c747d1f688845bfa83635d.jpg');
INSERT INTO moykiv_newcfashion.Pictures(id_picture, file_name) VALUES
(400, '98_9c9151c8780b5a675dbf6a984daab907.jpg');
INSERT INTO moykiv_newcfashion.Pictures(id_picture, file_name) VALUES
(401, '98_1579f5adf3a966c66c798e07a3e01f36.jpg');
INSERT INTO moykiv_newcfashion.Pictures(id_picture, file_name) VALUES
(402, '98_ceb23edbe5f1107e0609ebe32f70f30d.jpg');
INSERT INTO moykiv_newcfashion.Pictures(id_picture, file_name) VALUES
(403, '98_cc1e5b4d03cddbc0797b459a303e2000.jpg');
INSERT INTO moykiv_newcfashion.Pictures(id_picture, file_name) VALUES
(404, '99_ba160a145bec13dd5c53f0e9d74e1043.jpg');
INSERT INTO moykiv_newcfashion.Pictures(id_picture, file_name) VALUES
(405, '99_051d707000f5fe717ae71121df0ed78d.jpg');
INSERT INTO moykiv_newcfashion.Pictures(id_picture, file_name) VALUES
(406, '100_b6862cc510ec74728dabb68553972e5a.jpg');
INSERT INTO moykiv_newcfashion.Pictures(id_picture, file_name) VALUES
(407, '101_b635ba7d6e9fce29d1a0d392205ec176.jpg');
INSERT INTO moykiv_newcfashion.Pictures(id_picture, file_name) VALUES
(408, '102_e61dd6432b8973228b76c6dba0eb7bec.jpg');
INSERT INTO moykiv_newcfashion.Pictures(id_picture, file_name) VALUES
(409, '103_2a781db516c8bdfd4cb892f92fce9c9b.jpg');
INSERT INTO moykiv_newcfashion.Pictures(id_picture, file_name) VALUES
(410, '103_bbb6bd050f750a484e4434870f4a5039.jpg');
INSERT INTO moykiv_newcfashion.Pictures(id_picture, file_name) VALUES
(411, '104_503a868413062528d668500030340bec.jpg');
INSERT INTO moykiv_newcfashion.Pictures(id_picture, file_name) VALUES
(412, '102_e5b5493bc1b39077ce873dd555148378.jpg');
INSERT INTO moykiv_newcfashion.Pictures(id_picture, file_name) VALUES
(413, '105_f7d3790e570dfa47589296012c3b5332.jpg');
INSERT INTO moykiv_newcfashion.Pictures(id_picture, file_name) VALUES
(414, '105_154488b27d4e230376559104d3ef7f53.jpg');
INSERT INTO moykiv_newcfashion.Pictures(id_picture, file_name) VALUES
(415, '97_e40ae02b074c6c04eff6ff04c4f1f720.jpg');
INSERT INTO moykiv_newcfashion.Pictures(id_picture, file_name) VALUES
(416, '106_cb77bd0824e92f0f07e71f7e82fbdd00.jpg');
INSERT INTO moykiv_newcfashion.Pictures(id_picture, file_name) VALUES
(417, '107_bc3ae2646035cd6ac8498ecec0c0fc1c.jpg');
INSERT INTO moykiv_newcfashion.Pictures(id_picture, file_name) VALUES
(419, '107_810298ef26ea42e3fb049e8e33d60493.jpg');
INSERT INTO moykiv_newcfashion.Pictures(id_picture, file_name) VALUES
(420, '107_fb7a8fba14a350bfe4c730f7942f071b.jpg');
INSERT INTO moykiv_newcfashion.Pictures(id_picture, file_name) VALUES
(421, '107_8e7c5f6534330cdfa5b8f11ccd4b709d.jpg');
INSERT INTO moykiv_newcfashion.Pictures(id_picture, file_name) VALUES
(422, '107_6badbf8f7c2d56554fb4c66b63868935.jpg');
INSERT INTO moykiv_newcfashion.Pictures(id_picture, file_name) VALUES
(423, '107_a37d911639eb8a241e034b44ded8dc8c.jpg');
INSERT INTO moykiv_newcfashion.Pictures(id_picture, file_name) VALUES
(424, '108_610c8fe12a5c7eef2d5bb2f32d50870c.jpg');
INSERT INTO moykiv_newcfashion.Pictures(id_picture, file_name) VALUES
(425, '108_74ead72146183f994b74af07cde062f1.jpg');
INSERT INTO moykiv_newcfashion.Pictures(id_picture, file_name) VALUES
(426, '108_b24b76b8b9c2bda5fad51ca61e6bfe5a.jpg');
INSERT INTO moykiv_newcfashion.Pictures(id_picture, file_name) VALUES
(427, '108_8f7854704ee9e56aac8d5f0a73277599.jpg');
INSERT INTO moykiv_newcfashion.Pictures(id_picture, file_name) VALUES
(428, '100_7bd66874e31ecba70c625882797d1c02.jpg');
INSERT INTO moykiv_newcfashion.Pictures(id_picture, file_name) VALUES
(429, '100_6114d61ae6bf2c93fbf09339e2935e41.jpg');
INSERT INTO moykiv_newcfashion.Pictures(id_picture, file_name) VALUES
(430, '100_330500a8494cc9889c6c90e4f17fbb77.jpg');
INSERT INTO moykiv_newcfashion.Pictures(id_picture, file_name) VALUES
(431, '109_482061c47df9aee39e17561dc1b30d45.jpg');
INSERT INTO moykiv_newcfashion.Pictures(id_picture, file_name) VALUES
(432, '109_0f6f6afaee18d3f6d53d9cc8fa5c9ac2.jpg');
INSERT INTO moykiv_newcfashion.Pictures(id_picture, file_name) VALUES
(433, '109_38f9f008c3297cb9b81f67fa50e80de8.jpg');
INSERT INTO moykiv_newcfashion.Pictures(id_picture, file_name) VALUES
(434, '106_14cd7bb8b9dfe3c22a758af252fce8ac.jpg');
INSERT INTO moykiv_newcfashion.Pictures(id_picture, file_name) VALUES
(435, '110_2d86f0bfba938d199276c67134404423.jpg');
INSERT INTO moykiv_newcfashion.Pictures(id_picture, file_name) VALUES
(436, '111_a58b455d83da75d42e286668396e2921.jpg');
INSERT INTO moykiv_newcfashion.Pictures(id_picture, file_name) VALUES
(437, '111_fa52eb0e68396246c4a93ccb840b9b52.jpg');
INSERT INTO moykiv_newcfashion.Pictures(id_picture, file_name) VALUES
(438, '112_484c3fc7b7c86dcb9b58dc6ebf701b7e.jpg');
INSERT INTO moykiv_newcfashion.Pictures(id_picture, file_name) VALUES
(439, '113_68985e5b8298a39a05c70900e8aad87a.jpg');
INSERT INTO moykiv_newcfashion.Pictures(id_picture, file_name) VALUES
(440, '113_0524c67c4895e626be1bdad32898a351.jpg');
INSERT INTO moykiv_newcfashion.Pictures(id_picture, file_name) VALUES
(441, '114_30a6b4797e2f423906ee0a925b296d47.jpg');
INSERT INTO moykiv_newcfashion.Pictures(id_picture, file_name) VALUES
(442, '114_e40e3af1a5946b1f3430a8f4c8b0c21b.jpg');
INSERT INTO moykiv_newcfashion.Pictures(id_picture, file_name) VALUES
(443, '115_c480e39d70d039c1ae6c12490db65879.jpg');
INSERT INTO moykiv_newcfashion.Pictures(id_picture, file_name) VALUES
(444, '115_700b4996e0cd11fb0b43a7ec7cb9ad98.jpg');
INSERT INTO moykiv_newcfashion.Pictures(id_picture, file_name) VALUES
(445, '82_7aecefc64f70b6821107ae5caed647a1.jpg');
INSERT INTO moykiv_newcfashion.Pictures(id_picture, file_name) VALUES
(446, '82_2d9f55397a295d624ebb52cc67d33b78.jpg');
INSERT INTO moykiv_newcfashion.Pictures(id_picture, file_name) VALUES
(447, '115_ffe763d8bc5ba9c426849caa59622e6f.jpg');
INSERT INTO moykiv_newcfashion.Pictures(id_picture, file_name) VALUES
(448, '115_30daa692aa2e4d0a2f193a7ef2034762.jpg');
INSERT INTO moykiv_newcfashion.Pictures(id_picture, file_name) VALUES
(449, '115_5ee949fad39852e5076eb8bf1b254ae1.jpg');
INSERT INTO moykiv_newcfashion.Pictures(id_picture, file_name) VALUES
(453, '112_2f8db48fb3488886dcb80f892d9201b8.jpg');
INSERT INTO moykiv_newcfashion.Pictures(id_picture, file_name) VALUES
(454, '112_7dcdcf0361e9b6835ba74da2bf56bd80.jpg');
INSERT INTO moykiv_newcfashion.Pictures(id_picture, file_name) VALUES
(455, '112_1a0db55f70b1f9f672821cb5baf504cb.jpg');
INSERT INTO moykiv_newcfashion.Pictures(id_picture, file_name) VALUES
(456, '109_f76a6da10347ef9a5528f4e6338d9e66.jpg');
INSERT INTO moykiv_newcfashion.Pictures(id_picture, file_name) VALUES
(457, '109_9c73e6197151281c59da33db945d0eed.jpg');
INSERT INTO moykiv_newcfashion.Pictures(id_picture, file_name) VALUES
(458, '109_144660292a163b64ceed8dfc2d78245f.jpg');
INSERT INTO moykiv_newcfashion.Pictures(id_picture, file_name) VALUES
(459, '113_4c988b40fad635a533787de31441bf74.jpg');
INSERT INTO moykiv_newcfashion.Pictures(id_picture, file_name) VALUES
(460, '113_9b7323b3649f5b514c8d789447e254cd.jpg');
INSERT INTO moykiv_newcfashion.Pictures(id_picture, file_name) VALUES
(461, '115_94ad1717f236770aae53ed52c2688276.jpg');
INSERT INTO moykiv_newcfashion.Pictures(id_picture, file_name) VALUES
(462, '115_ab8ed505f0f6bdf62ff311067133bd18.jpg');
INSERT INTO moykiv_newcfashion.Pictures(id_picture, file_name) VALUES
(463, '111_96eb3c1e0a17b841a16bdc303043b202.jpg');
INSERT INTO moykiv_newcfashion.Pictures(id_picture, file_name) VALUES
(464, '111_d52e566e8ae682b923645497055e2f0c.jpg');
INSERT INTO moykiv_newcfashion.Pictures(id_picture, file_name) VALUES
(465, '116_95dcae2bf13752b6f78ffc44415e1397.jpg');
INSERT INTO moykiv_newcfashion.Pictures(id_picture, file_name) VALUES
(466, '117_c73085b44c48ca88f19ea40d3a2d97b5.jpg');
INSERT INTO moykiv_newcfashion.Pictures(id_picture, file_name) VALUES
(467, '117_632379e42d4d39f26fc2d0a23fd23858.jpg');
INSERT INTO moykiv_newcfashion.Pictures(id_picture, file_name) VALUES
(468, '118_aee801d7d5656bab6856b728f5294a53.jpg');
INSERT INTO moykiv_newcfashion.Pictures(id_picture, file_name) VALUES
(470, '120_e7fd58217918486ad17d75fb2ea8dbf8.jpg');
INSERT INTO moykiv_newcfashion.Pictures(id_picture, file_name) VALUES
(471, '120_6327a527b72d69561bbb95b0e933bf7b.jpg');
INSERT INTO moykiv_newcfashion.Pictures(id_picture, file_name) VALUES
(472, '120_7b9aa912adb1952387a34f830f5165ec.jpg');
INSERT INTO moykiv_newcfashion.Pictures(id_picture, file_name) VALUES
(473, '120_faf83d40144295b06d1684265a3d72e1.jpg');
INSERT INTO moykiv_newcfashion.Pictures(id_picture, file_name) VALUES
(474, '120_c473f31a835aedac16b0aa1d70fd79fc.jpg');
INSERT INTO moykiv_newcfashion.Pictures(id_picture, file_name) VALUES
(475, '120_6e820a5b08fd9e5eb533d6552837453c.jpg');
INSERT INTO moykiv_newcfashion.Pictures(id_picture, file_name) VALUES
(476, '121_76afcb9816d91aa2075cbc1aa0dd8c28.jpg');
INSERT INTO moykiv_newcfashion.Pictures(id_picture, file_name) VALUES
(477, '121_be16a80b8df5bff02e18b77af0a0db6b.jpg');
INSERT INTO moykiv_newcfashion.Pictures(id_picture, file_name) VALUES
(478, '121_6cb0ece990f88b2f7ea79e3cb549db4e.jpg');
INSERT INTO moykiv_newcfashion.Pictures(id_picture, file_name) VALUES
(479, '121_282b98d7ae425e874483fe84d31afafe.jpg');
INSERT INTO moykiv_newcfashion.Pictures(id_picture, file_name) VALUES
(480, '123_f33ff50c2b925a3e418bcaf86e7047d8.jpg');
INSERT INTO moykiv_newcfashion.Pictures(id_picture, file_name) VALUES
(481, '124_ce2e758900a5896939a5adbf3702d634.jpg');
INSERT INTO moykiv_newcfashion.Pictures(id_picture, file_name) VALUES
(482, '124_83c0bbc0e85c5efae0d374efd340b010.jpg');
INSERT INTO moykiv_newcfashion.Pictures(id_picture, file_name) VALUES
(483, '124_ac6b474be96be28895b22775024f97d7.jpg');
INSERT INTO moykiv_newcfashion.Pictures(id_picture, file_name) VALUES
(484, '124_f7c2a02cb80898797110dfa34e6f8619.jpg');
INSERT INTO moykiv_newcfashion.Pictures(id_picture, file_name) VALUES
(485, '124_6e4171062cacd601bf61d6490a5391d7.jpg');
INSERT INTO moykiv_newcfashion.Pictures(id_picture, file_name) VALUES
(486, '124_25dc28312cb63d6fd8ba488022d5e9bf.jpg');
INSERT INTO moykiv_newcfashion.Pictures(id_picture, file_name) VALUES
(487, '124_baf844e174b55cf24479125c938321c1.jpg');
INSERT INTO moykiv_newcfashion.Pictures(id_picture, file_name) VALUES
(488, '125_42c02368b67613c7c51d1b8ceede61b3.jpg');
INSERT INTO moykiv_newcfashion.Pictures(id_picture, file_name) VALUES
(489, '125_24677a5fe3d13e1a14478d01b7f54e71.jpg');
INSERT INTO moykiv_newcfashion.Pictures(id_picture, file_name) VALUES
(493, '125_f6ed71bbcf84b8d1acd7adc649189302.jpg');
INSERT INTO moykiv_newcfashion.Pictures(id_picture, file_name) VALUES
(494, '125_75a0b960eec1f796109d4a32acfb1765.jpg');
INSERT INTO moykiv_newcfashion.Pictures(id_picture, file_name) VALUES
(495, '125_c6741522348703e5ab4b1ce5fe69d2e5.jpg');
INSERT INTO moykiv_newcfashion.Pictures(id_picture, file_name) VALUES
(496, '123_4ff7f2f3870ca670621b351d7ece8ee3.jpg');
INSERT INTO moykiv_newcfashion.Pictures(id_picture, file_name) VALUES
(497, '123_3f6ea31f143d371368fa4ff280fe2e79.jpg');
INSERT INTO moykiv_newcfashion.Pictures(id_picture, file_name) VALUES
(498, '123_3788416c1e36c7e8f0a1b30933eb7b0f.jpg');
INSERT INTO moykiv_newcfashion.Pictures(id_picture, file_name) VALUES
(499, '110_1762fc9ced458f81ae16e00393da258c.jpg');
INSERT INTO moykiv_newcfashion.Pictures(id_picture, file_name) VALUES
(500, '110_e3db52576cf0947ae1f07fb1e5a36adc.jpg');
INSERT INTO moykiv_newcfashion.Pictures(id_picture, file_name) VALUES
(501, '110_491712b09fbecfc1682fe24c8fbe232b.jpg');
INSERT INTO moykiv_newcfashion.Pictures(id_picture, file_name) VALUES
(502, '110_e039b04fbe53ec7ff29778d0b3a6f9c3.jpg');
INSERT INTO moykiv_newcfashion.Pictures(id_picture, file_name) VALUES
(504, '126_b0bf0067b52074b9a2b247d0bc5b8fae.jpg');
INSERT INTO moykiv_newcfashion.Pictures(id_picture, file_name) VALUES
(505, '126_c8b16e09063faa133bfd4d0c0ccbb96b.jpg');
INSERT INTO moykiv_newcfashion.Pictures(id_picture, file_name) VALUES
(506, '126_702da1f474230cd57ae49ecd8288de5d.jpg');
INSERT INTO moykiv_newcfashion.Pictures(id_picture, file_name) VALUES
(507, '126_cdeacf222932733761a3e5cee5afb78a.jpg');
INSERT INTO moykiv_newcfashion.Pictures(id_picture, file_name) VALUES
(508, '126_f628346563aaae2507ad727b248015a9.jpg');
INSERT INTO moykiv_newcfashion.Pictures(id_picture, file_name) VALUES
(509, '126_f1394b4ea999e91f7feb58406d5a8750.jpg');
INSERT INTO moykiv_newcfashion.Pictures(id_picture, file_name) VALUES
(510, '126_240acd939cf51c5d3884e223030a0c60.jpg');
INSERT INTO moykiv_newcfashion.Pictures(id_picture, file_name) VALUES
(511, '126_23d249a0c708b0ff02b524200ffeac3f.jpg');
INSERT INTO moykiv_newcfashion.Pictures(id_picture, file_name) VALUES
(512, '126_02f8bf981de9bb2ebfeabfc17c8d2b40.jpg');
INSERT INTO moykiv_newcfashion.Pictures(id_picture, file_name) VALUES
(513, '126_8d1909516a57d4c48cf12062356d0617.jpg');
INSERT INTO moykiv_newcfashion.Pictures(id_picture, file_name) VALUES
(514, '126_6abaeae0ba4584dbb0e45916a49c5b96.jpg');
INSERT INTO moykiv_newcfashion.Pictures(id_picture, file_name) VALUES
(515, '126_69d5885aa03673893a25f97acf9d783c.jpg');
INSERT INTO moykiv_newcfashion.Pictures(id_picture, file_name) VALUES
(516, '127_d608cfe22784debfd2ab7f9cb2da2fa4.jpg');
INSERT INTO moykiv_newcfashion.Pictures(id_picture, file_name) VALUES
(517, '127_c16249f87c5c180cfd092968f14f8a27.jpg');
INSERT INTO moykiv_newcfashion.Pictures(id_picture, file_name) VALUES
(518, '127_ff309ebb880843b20aba40f013433cb6.jpg');
INSERT INTO moykiv_newcfashion.Pictures(id_picture, file_name) VALUES
(519, '127_28d9780a24d52e7967e6fe7b1c540baf.jpg');

INSERT INTO moykiv_newcfashion.Pictures_Products(id_picture_product, id_picture, id_product, is_miniature) VALUES
(38, 38, 5, True);
INSERT INTO moykiv_newcfashion.Pictures_Products(id_picture_product, id_picture, id_product, is_miniature) VALUES
(39, 39, 5, False);
INSERT INTO moykiv_newcfashion.Pictures_Products(id_picture_product, id_picture, id_product, is_miniature) VALUES
(40, 40, 5, False);
INSERT INTO moykiv_newcfashion.Pictures_Products(id_picture_product, id_picture, id_product, is_miniature) VALUES
(41, 41, 5, False);
INSERT INTO moykiv_newcfashion.Pictures_Products(id_picture_product, id_picture, id_product, is_miniature) VALUES
(42, 42, 5, False);
INSERT INTO moykiv_newcfashion.Pictures_Products(id_picture_product, id_picture, id_product, is_miniature) VALUES
(43, 43, 4, True);
INSERT INTO moykiv_newcfashion.Pictures_Products(id_picture_product, id_picture, id_product, is_miniature) VALUES
(44, 44, 4, False);
INSERT INTO moykiv_newcfashion.Pictures_Products(id_picture_product, id_picture, id_product, is_miniature) VALUES
(45, 45, 4, False);
INSERT INTO moykiv_newcfashion.Pictures_Products(id_picture_product, id_picture, id_product, is_miniature) VALUES
(47, 47, 6, True);
INSERT INTO moykiv_newcfashion.Pictures_Products(id_picture_product, id_picture, id_product, is_miniature) VALUES
(48, 48, 6, False);
INSERT INTO moykiv_newcfashion.Pictures_Products(id_picture_product, id_picture, id_product, is_miniature) VALUES
(49, 49, 6, False);
INSERT INTO moykiv_newcfashion.Pictures_Products(id_picture_product, id_picture, id_product, is_miniature) VALUES
(50, 50, 6, False);
INSERT INTO moykiv_newcfashion.Pictures_Products(id_picture_product, id_picture, id_product, is_miniature) VALUES
(51, 51, 6, False);
INSERT INTO moykiv_newcfashion.Pictures_Products(id_picture_product, id_picture, id_product, is_miniature) VALUES
(52, 52, 6, False);
INSERT INTO moykiv_newcfashion.Pictures_Products(id_picture_product, id_picture, id_product, is_miniature) VALUES
(53, 53, 6, False);
INSERT INTO moykiv_newcfashion.Pictures_Products(id_picture_product, id_picture, id_product, is_miniature) VALUES
(54, 54, 3, True);
INSERT INTO moykiv_newcfashion.Pictures_Products(id_picture_product, id_picture, id_product, is_miniature) VALUES
(55, 55, 3, False);
INSERT INTO moykiv_newcfashion.Pictures_Products(id_picture_product, id_picture, id_product, is_miniature) VALUES
(56, 56, 3, False);
INSERT INTO moykiv_newcfashion.Pictures_Products(id_picture_product, id_picture, id_product, is_miniature) VALUES
(57, 57, 2, True);
INSERT INTO moykiv_newcfashion.Pictures_Products(id_picture_product, id_picture, id_product, is_miniature) VALUES
(58, 58, 2, False);
INSERT INTO moykiv_newcfashion.Pictures_Products(id_picture_product, id_picture, id_product, is_miniature) VALUES
(61, 61, 7, True);
INSERT INTO moykiv_newcfashion.Pictures_Products(id_picture_product, id_picture, id_product, is_miniature) VALUES
(62, 62, 7, False);
INSERT INTO moykiv_newcfashion.Pictures_Products(id_picture_product, id_picture, id_product, is_miniature) VALUES
(63, 63, 7, False);
INSERT INTO moykiv_newcfashion.Pictures_Products(id_picture_product, id_picture, id_product, is_miniature) VALUES
(64, 64, 8, True);
INSERT INTO moykiv_newcfashion.Pictures_Products(id_picture_product, id_picture, id_product, is_miniature) VALUES
(65, 65, 8, False);
INSERT INTO moykiv_newcfashion.Pictures_Products(id_picture_product, id_picture, id_product, is_miniature) VALUES
(66, 66, 8, False);
INSERT INTO moykiv_newcfashion.Pictures_Products(id_picture_product, id_picture, id_product, is_miniature) VALUES
(67, 67, 8, False);
INSERT INTO moykiv_newcfashion.Pictures_Products(id_picture_product, id_picture, id_product, is_miniature) VALUES
(68, 68, 9, False);
INSERT INTO moykiv_newcfashion.Pictures_Products(id_picture_product, id_picture, id_product, is_miniature) VALUES
(69, 69, 9, False);
INSERT INTO moykiv_newcfashion.Pictures_Products(id_picture_product, id_picture, id_product, is_miniature) VALUES
(70, 70, 10, False);
INSERT INTO moykiv_newcfashion.Pictures_Products(id_picture_product, id_picture, id_product, is_miniature) VALUES
(72, 72, 10, False);
INSERT INTO moykiv_newcfashion.Pictures_Products(id_picture_product, id_picture, id_product, is_miniature) VALUES
(78, 78, 12, True);
INSERT INTO moykiv_newcfashion.Pictures_Products(id_picture_product, id_picture, id_product, is_miniature) VALUES
(79, 79, 12, False);
INSERT INTO moykiv_newcfashion.Pictures_Products(id_picture_product, id_picture, id_product, is_miniature) VALUES
(80, 80, 12, False);
INSERT INTO moykiv_newcfashion.Pictures_Products(id_picture_product, id_picture, id_product, is_miniature) VALUES
(81, 81, 12, False);
INSERT INTO moykiv_newcfashion.Pictures_Products(id_picture_product, id_picture, id_product, is_miniature) VALUES
(82, 82, 12, False);
INSERT INTO moykiv_newcfashion.Pictures_Products(id_picture_product, id_picture, id_product, is_miniature) VALUES
(87, 87, 13, True);
INSERT INTO moykiv_newcfashion.Pictures_Products(id_picture_product, id_picture, id_product, is_miniature) VALUES
(88, 88, 13, False);
INSERT INTO moykiv_newcfashion.Pictures_Products(id_picture_product, id_picture, id_product, is_miniature) VALUES
(89, 89, 13, False);
INSERT INTO moykiv_newcfashion.Pictures_Products(id_picture_product, id_picture, id_product, is_miniature) VALUES
(93, 93, 14, False);
INSERT INTO moykiv_newcfashion.Pictures_Products(id_picture_product, id_picture, id_product, is_miniature) VALUES
(94, 94, 14, False);
INSERT INTO moykiv_newcfashion.Pictures_Products(id_picture_product, id_picture, id_product, is_miniature) VALUES
(97, 97, 15, True);
INSERT INTO moykiv_newcfashion.Pictures_Products(id_picture_product, id_picture, id_product, is_miniature) VALUES
(100, 100, 16, True);
INSERT INTO moykiv_newcfashion.Pictures_Products(id_picture_product, id_picture, id_product, is_miniature) VALUES
(101, 101, 16, False);
INSERT INTO moykiv_newcfashion.Pictures_Products(id_picture_product, id_picture, id_product, is_miniature) VALUES
(102, 102, 16, False);
INSERT INTO moykiv_newcfashion.Pictures_Products(id_picture_product, id_picture, id_product, is_miniature) VALUES
(103, 103, 16, False);
INSERT INTO moykiv_newcfashion.Pictures_Products(id_picture_product, id_picture, id_product, is_miniature) VALUES
(104, 104, 17, True);
INSERT INTO moykiv_newcfashion.Pictures_Products(id_picture_product, id_picture, id_product, is_miniature) VALUES
(105, 105, 17, False);
INSERT INTO moykiv_newcfashion.Pictures_Products(id_picture_product, id_picture, id_product, is_miniature) VALUES
(106, 106, 17, False);
INSERT INTO moykiv_newcfashion.Pictures_Products(id_picture_product, id_picture, id_product, is_miniature) VALUES
(107, 107, 18, True);
INSERT INTO moykiv_newcfashion.Pictures_Products(id_picture_product, id_picture, id_product, is_miniature) VALUES
(108, 108, 18, False);
INSERT INTO moykiv_newcfashion.Pictures_Products(id_picture_product, id_picture, id_product, is_miniature) VALUES
(109, 109, 18, False);
INSERT INTO moykiv_newcfashion.Pictures_Products(id_picture_product, id_picture, id_product, is_miniature) VALUES
(110, 110, 19, True);
INSERT INTO moykiv_newcfashion.Pictures_Products(id_picture_product, id_picture, id_product, is_miniature) VALUES
(113, 113, 19, False);
INSERT INTO moykiv_newcfashion.Pictures_Products(id_picture_product, id_picture, id_product, is_miniature) VALUES
(114, 114, 19, False);
INSERT INTO moykiv_newcfashion.Pictures_Products(id_picture_product, id_picture, id_product, is_miniature) VALUES
(116, 116, 14, False);
INSERT INTO moykiv_newcfashion.Pictures_Products(id_picture_product, id_picture, id_product, is_miniature) VALUES
(117, 117, 20, True);
INSERT INTO moykiv_newcfashion.Pictures_Products(id_picture_product, id_picture, id_product, is_miniature) VALUES
(118, 118, 20, False);
INSERT INTO moykiv_newcfashion.Pictures_Products(id_picture_product, id_picture, id_product, is_miniature) VALUES
(119, 119, 20, False);
INSERT INTO moykiv_newcfashion.Pictures_Products(id_picture_product, id_picture, id_product, is_miniature) VALUES
(120, 120, 20, False);
INSERT INTO moykiv_newcfashion.Pictures_Products(id_picture_product, id_picture, id_product, is_miniature) VALUES
(123, 123, 21, False);
INSERT INTO moykiv_newcfashion.Pictures_Products(id_picture_product, id_picture, id_product, is_miniature) VALUES
(126, 126, 21, True);
INSERT INTO moykiv_newcfashion.Pictures_Products(id_picture_product, id_picture, id_product, is_miniature) VALUES
(129, 129, 21, False);
INSERT INTO moykiv_newcfashion.Pictures_Products(id_picture_product, id_picture, id_product, is_miniature) VALUES
(131, 131, 21, False);
INSERT INTO moykiv_newcfashion.Pictures_Products(id_picture_product, id_picture, id_product, is_miniature) VALUES
(132, 132, 22, True);
INSERT INTO moykiv_newcfashion.Pictures_Products(id_picture_product, id_picture, id_product, is_miniature) VALUES
(133, 133, 22, False);
INSERT INTO moykiv_newcfashion.Pictures_Products(id_picture_product, id_picture, id_product, is_miniature) VALUES
(134, 134, 22, False);
INSERT INTO moykiv_newcfashion.Pictures_Products(id_picture_product, id_picture, id_product, is_miniature) VALUES
(135, 135, 22, False);
INSERT INTO moykiv_newcfashion.Pictures_Products(id_picture_product, id_picture, id_product, is_miniature) VALUES
(140, 140, 23, True);
INSERT INTO moykiv_newcfashion.Pictures_Products(id_picture_product, id_picture, id_product, is_miniature) VALUES
(141, 141, 23, False);
INSERT INTO moykiv_newcfashion.Pictures_Products(id_picture_product, id_picture, id_product, is_miniature) VALUES
(142, 142, 23, False);
INSERT INTO moykiv_newcfashion.Pictures_Products(id_picture_product, id_picture, id_product, is_miniature) VALUES
(143, 143, 23, False);
INSERT INTO moykiv_newcfashion.Pictures_Products(id_picture_product, id_picture, id_product, is_miniature) VALUES
(144, 144, 23, False);
INSERT INTO moykiv_newcfashion.Pictures_Products(id_picture_product, id_picture, id_product, is_miniature) VALUES
(148, 148, 24, True);
INSERT INTO moykiv_newcfashion.Pictures_Products(id_picture_product, id_picture, id_product, is_miniature) VALUES
(149, 149, 24, False);
INSERT INTO moykiv_newcfashion.Pictures_Products(id_picture_product, id_picture, id_product, is_miniature) VALUES
(150, 150, 24, False);
INSERT INTO moykiv_newcfashion.Pictures_Products(id_picture_product, id_picture, id_product, is_miniature) VALUES
(153, 153, 26, False);
INSERT INTO moykiv_newcfashion.Pictures_Products(id_picture_product, id_picture, id_product, is_miniature) VALUES
(154, 154, 26, False);
INSERT INTO moykiv_newcfashion.Pictures_Products(id_picture_product, id_picture, id_product, is_miniature) VALUES
(155, 155, 26, True);
INSERT INTO moykiv_newcfashion.Pictures_Products(id_picture_product, id_picture, id_product, is_miniature) VALUES
(156, 156, 27, False);
INSERT INTO moykiv_newcfashion.Pictures_Products(id_picture_product, id_picture, id_product, is_miniature) VALUES
(157, 157, 27, False);
INSERT INTO moykiv_newcfashion.Pictures_Products(id_picture_product, id_picture, id_product, is_miniature) VALUES
(158, 158, 27, False);
INSERT INTO moykiv_newcfashion.Pictures_Products(id_picture_product, id_picture, id_product, is_miniature) VALUES
(159, 159, 28, False);
INSERT INTO moykiv_newcfashion.Pictures_Products(id_picture_product, id_picture, id_product, is_miniature) VALUES
(160, 160, 28, False);
INSERT INTO moykiv_newcfashion.Pictures_Products(id_picture_product, id_picture, id_product, is_miniature) VALUES
(161, 161, 28, True);
INSERT INTO moykiv_newcfashion.Pictures_Products(id_picture_product, id_picture, id_product, is_miniature) VALUES
(164, 164, 29, True);
INSERT INTO moykiv_newcfashion.Pictures_Products(id_picture_product, id_picture, id_product, is_miniature) VALUES
(165, 165, 29, False);
INSERT INTO moykiv_newcfashion.Pictures_Products(id_picture_product, id_picture, id_product, is_miniature) VALUES
(166, 166, 29, False);
INSERT INTO moykiv_newcfashion.Pictures_Products(id_picture_product, id_picture, id_product, is_miniature) VALUES
(168, 168, 25, False);
INSERT INTO moykiv_newcfashion.Pictures_Products(id_picture_product, id_picture, id_product, is_miniature) VALUES
(169, 169, 25, False);
INSERT INTO moykiv_newcfashion.Pictures_Products(id_picture_product, id_picture, id_product, is_miniature) VALUES
(170, 170, 25, True);
INSERT INTO moykiv_newcfashion.Pictures_Products(id_picture_product, id_picture, id_product, is_miniature) VALUES
(171, 171, 27, True);
INSERT INTO moykiv_newcfashion.Pictures_Products(id_picture_product, id_picture, id_product, is_miniature) VALUES
(172, 172, 28, False);
INSERT INTO moykiv_newcfashion.Pictures_Products(id_picture_product, id_picture, id_product, is_miniature) VALUES
(173, 173, 30, False);
INSERT INTO moykiv_newcfashion.Pictures_Products(id_picture_product, id_picture, id_product, is_miniature) VALUES
(174, 174, 30, False);
INSERT INTO moykiv_newcfashion.Pictures_Products(id_picture_product, id_picture, id_product, is_miniature) VALUES
(178, 178, 31, False);
INSERT INTO moykiv_newcfashion.Pictures_Products(id_picture_product, id_picture, id_product, is_miniature) VALUES
(179, 179, 31, False);
INSERT INTO moykiv_newcfashion.Pictures_Products(id_picture_product, id_picture, id_product, is_miniature) VALUES
(180, 180, 32, True);
INSERT INTO moykiv_newcfashion.Pictures_Products(id_picture_product, id_picture, id_product, is_miniature) VALUES
(181, 181, 32, False);
INSERT INTO moykiv_newcfashion.Pictures_Products(id_picture_product, id_picture, id_product, is_miniature) VALUES
(182, 182, 32, False);
INSERT INTO moykiv_newcfashion.Pictures_Products(id_picture_product, id_picture, id_product, is_miniature) VALUES
(183, 183, 33, False);
INSERT INTO moykiv_newcfashion.Pictures_Products(id_picture_product, id_picture, id_product, is_miniature) VALUES
(184, 184, 33, True);
INSERT INTO moykiv_newcfashion.Pictures_Products(id_picture_product, id_picture, id_product, is_miniature) VALUES
(187, 187, 34, False);
INSERT INTO moykiv_newcfashion.Pictures_Products(id_picture_product, id_picture, id_product, is_miniature) VALUES
(188, 188, 34, False);
INSERT INTO moykiv_newcfashion.Pictures_Products(id_picture_product, id_picture, id_product, is_miniature) VALUES
(189, 189, 34, True);
INSERT INTO moykiv_newcfashion.Pictures_Products(id_picture_product, id_picture, id_product, is_miniature) VALUES
(190, 190, 35, True);
INSERT INTO moykiv_newcfashion.Pictures_Products(id_picture_product, id_picture, id_product, is_miniature) VALUES
(191, 191, 35, False);
INSERT INTO moykiv_newcfashion.Pictures_Products(id_picture_product, id_picture, id_product, is_miniature) VALUES
(192, 192, 35, False);
INSERT INTO moykiv_newcfashion.Pictures_Products(id_picture_product, id_picture, id_product, is_miniature) VALUES
(193, 193, 30, True);
INSERT INTO moykiv_newcfashion.Pictures_Products(id_picture_product, id_picture, id_product, is_miniature) VALUES
(194, 194, 36, False);
INSERT INTO moykiv_newcfashion.Pictures_Products(id_picture_product, id_picture, id_product, is_miniature) VALUES
(195, 195, 36, False);
INSERT INTO moykiv_newcfashion.Pictures_Products(id_picture_product, id_picture, id_product, is_miniature) VALUES
(196, 196, 37, False);
INSERT INTO moykiv_newcfashion.Pictures_Products(id_picture_product, id_picture, id_product, is_miniature) VALUES
(197, 197, 37, False);
INSERT INTO moykiv_newcfashion.Pictures_Products(id_picture_product, id_picture, id_product, is_miniature) VALUES
(198, 198, 38, True);
INSERT INTO moykiv_newcfashion.Pictures_Products(id_picture_product, id_picture, id_product, is_miniature) VALUES
(199, 199, 38, False);
INSERT INTO moykiv_newcfashion.Pictures_Products(id_picture_product, id_picture, id_product, is_miniature) VALUES
(200, 200, 38, False);
INSERT INTO moykiv_newcfashion.Pictures_Products(id_picture_product, id_picture, id_product, is_miniature) VALUES
(201, 201, 38, False);
INSERT INTO moykiv_newcfashion.Pictures_Products(id_picture_product, id_picture, id_product, is_miniature) VALUES
(202, 202, 39, True);
INSERT INTO moykiv_newcfashion.Pictures_Products(id_picture_product, id_picture, id_product, is_miniature) VALUES
(203, 203, 39, False);
INSERT INTO moykiv_newcfashion.Pictures_Products(id_picture_product, id_picture, id_product, is_miniature) VALUES
(204, 204, 39, False);
INSERT INTO moykiv_newcfashion.Pictures_Products(id_picture_product, id_picture, id_product, is_miniature) VALUES
(205, 205, 39, False);
INSERT INTO moykiv_newcfashion.Pictures_Products(id_picture_product, id_picture, id_product, is_miniature) VALUES
(206, 206, 40, True);
INSERT INTO moykiv_newcfashion.Pictures_Products(id_picture_product, id_picture, id_product, is_miniature) VALUES
(207, 207, 40, False);
INSERT INTO moykiv_newcfashion.Pictures_Products(id_picture_product, id_picture, id_product, is_miniature) VALUES
(208, 208, 40, False);
INSERT INTO moykiv_newcfashion.Pictures_Products(id_picture_product, id_picture, id_product, is_miniature) VALUES
(209, 209, 40, False);
INSERT INTO moykiv_newcfashion.Pictures_Products(id_picture_product, id_picture, id_product, is_miniature) VALUES
(210, 210, 41, False);
INSERT INTO moykiv_newcfashion.Pictures_Products(id_picture_product, id_picture, id_product, is_miniature) VALUES
(211, 211, 41, False);
INSERT INTO moykiv_newcfashion.Pictures_Products(id_picture_product, id_picture, id_product, is_miniature) VALUES
(212, 212, 41, True);
INSERT INTO moykiv_newcfashion.Pictures_Products(id_picture_product, id_picture, id_product, is_miniature) VALUES
(213, 213, 41, False);
INSERT INTO moykiv_newcfashion.Pictures_Products(id_picture_product, id_picture, id_product, is_miniature) VALUES
(214, 214, 41, False);
INSERT INTO moykiv_newcfashion.Pictures_Products(id_picture_product, id_picture, id_product, is_miniature) VALUES
(215, 215, 42, True);
INSERT INTO moykiv_newcfashion.Pictures_Products(id_picture_product, id_picture, id_product, is_miniature) VALUES
(216, 216, 42, False);
INSERT INTO moykiv_newcfashion.Pictures_Products(id_picture_product, id_picture, id_product, is_miniature) VALUES
(217, 217, 43, False);
INSERT INTO moykiv_newcfashion.Pictures_Products(id_picture_product, id_picture, id_product, is_miniature) VALUES
(218, 218, 43, False);
INSERT INTO moykiv_newcfashion.Pictures_Products(id_picture_product, id_picture, id_product, is_miniature) VALUES
(219, 219, 43, True);
INSERT INTO moykiv_newcfashion.Pictures_Products(id_picture_product, id_picture, id_product, is_miniature) VALUES
(220, 220, 43, False);
INSERT INTO moykiv_newcfashion.Pictures_Products(id_picture_product, id_picture, id_product, is_miniature) VALUES
(221, 221, 44, True);
INSERT INTO moykiv_newcfashion.Pictures_Products(id_picture_product, id_picture, id_product, is_miniature) VALUES
(222, 222, 44, False);
INSERT INTO moykiv_newcfashion.Pictures_Products(id_picture_product, id_picture, id_product, is_miniature) VALUES
(223, 223, 44, False);
INSERT INTO moykiv_newcfashion.Pictures_Products(id_picture_product, id_picture, id_product, is_miniature) VALUES
(224, 224, 44, False);
INSERT INTO moykiv_newcfashion.Pictures_Products(id_picture_product, id_picture, id_product, is_miniature) VALUES
(225, 225, 45, False);
INSERT INTO moykiv_newcfashion.Pictures_Products(id_picture_product, id_picture, id_product, is_miniature) VALUES
(226, 226, 45, True);
INSERT INTO moykiv_newcfashion.Pictures_Products(id_picture_product, id_picture, id_product, is_miniature) VALUES
(227, 227, 45, False);
INSERT INTO moykiv_newcfashion.Pictures_Products(id_picture_product, id_picture, id_product, is_miniature) VALUES
(228, 228, 46, False);
INSERT INTO moykiv_newcfashion.Pictures_Products(id_picture_product, id_picture, id_product, is_miniature) VALUES
(229, 229, 46, False);
INSERT INTO moykiv_newcfashion.Pictures_Products(id_picture_product, id_picture, id_product, is_miniature) VALUES
(230, 230, 47, True);
INSERT INTO moykiv_newcfashion.Pictures_Products(id_picture_product, id_picture, id_product, is_miniature) VALUES
(231, 231, 47, False);
INSERT INTO moykiv_newcfashion.Pictures_Products(id_picture_product, id_picture, id_product, is_miniature) VALUES
(232, 232, 47, False);
INSERT INTO moykiv_newcfashion.Pictures_Products(id_picture_product, id_picture, id_product, is_miniature) VALUES
(233, 233, 47, False);
INSERT INTO moykiv_newcfashion.Pictures_Products(id_picture_product, id_picture, id_product, is_miniature) VALUES
(234, 234, 47, False);
INSERT INTO moykiv_newcfashion.Pictures_Products(id_picture_product, id_picture, id_product, is_miniature) VALUES
(235, 235, 48, True);
INSERT INTO moykiv_newcfashion.Pictures_Products(id_picture_product, id_picture, id_product, is_miniature) VALUES
(236, 236, 48, False);
INSERT INTO moykiv_newcfashion.Pictures_Products(id_picture_product, id_picture, id_product, is_miniature) VALUES
(237, 237, 48, False);
INSERT INTO moykiv_newcfashion.Pictures_Products(id_picture_product, id_picture, id_product, is_miniature) VALUES
(238, 238, 49, True);
INSERT INTO moykiv_newcfashion.Pictures_Products(id_picture_product, id_picture, id_product, is_miniature) VALUES
(239, 239, 49, False);
INSERT INTO moykiv_newcfashion.Pictures_Products(id_picture_product, id_picture, id_product, is_miniature) VALUES
(240, 240, 49, False);
INSERT INTO moykiv_newcfashion.Pictures_Products(id_picture_product, id_picture, id_product, is_miniature) VALUES
(241, 241, 49, False);
INSERT INTO moykiv_newcfashion.Pictures_Products(id_picture_product, id_picture, id_product, is_miniature) VALUES
(242, 242, 50, False);
INSERT INTO moykiv_newcfashion.Pictures_Products(id_picture_product, id_picture, id_product, is_miniature) VALUES
(243, 243, 50, False);
INSERT INTO moykiv_newcfashion.Pictures_Products(id_picture_product, id_picture, id_product, is_miniature) VALUES
(244, 244, 50, False);
INSERT INTO moykiv_newcfashion.Pictures_Products(id_picture_product, id_picture, id_product, is_miniature) VALUES
(245, 245, 51, True);
INSERT INTO moykiv_newcfashion.Pictures_Products(id_picture_product, id_picture, id_product, is_miniature) VALUES
(246, 246, 52, True);
INSERT INTO moykiv_newcfashion.Pictures_Products(id_picture_product, id_picture, id_product, is_miniature) VALUES
(247, 247, 53, True);
INSERT INTO moykiv_newcfashion.Pictures_Products(id_picture_product, id_picture, id_product, is_miniature) VALUES
(248, 248, 53, False);
INSERT INTO moykiv_newcfashion.Pictures_Products(id_picture_product, id_picture, id_product, is_miniature) VALUES
(250, 250, 54, False);
INSERT INTO moykiv_newcfashion.Pictures_Products(id_picture_product, id_picture, id_product, is_miniature) VALUES
(251, 251, 54, False);
INSERT INTO moykiv_newcfashion.Pictures_Products(id_picture_product, id_picture, id_product, is_miniature) VALUES
(252, 252, 54, False);
INSERT INTO moykiv_newcfashion.Pictures_Products(id_picture_product, id_picture, id_product, is_miniature) VALUES
(253, 253, 54, True);
INSERT INTO moykiv_newcfashion.Pictures_Products(id_picture_product, id_picture, id_product, is_miniature) VALUES
(254, 254, 55, True);
INSERT INTO moykiv_newcfashion.Pictures_Products(id_picture_product, id_picture, id_product, is_miniature) VALUES
(255, 255, 55, False);
INSERT INTO moykiv_newcfashion.Pictures_Products(id_picture_product, id_picture, id_product, is_miniature) VALUES
(256, 256, 55, False);
INSERT INTO moykiv_newcfashion.Pictures_Products(id_picture_product, id_picture, id_product, is_miniature) VALUES
(257, 257, 55, False);
INSERT INTO moykiv_newcfashion.Pictures_Products(id_picture_product, id_picture, id_product, is_miniature) VALUES
(258, 258, 55, False);
INSERT INTO moykiv_newcfashion.Pictures_Products(id_picture_product, id_picture, id_product, is_miniature) VALUES
(259, 259, 56, False);
INSERT INTO moykiv_newcfashion.Pictures_Products(id_picture_product, id_picture, id_product, is_miniature) VALUES
(260, 260, 56, True);
INSERT INTO moykiv_newcfashion.Pictures_Products(id_picture_product, id_picture, id_product, is_miniature) VALUES
(261, 261, 56, False);
INSERT INTO moykiv_newcfashion.Pictures_Products(id_picture_product, id_picture, id_product, is_miniature) VALUES
(262, 262, 56, False);
INSERT INTO moykiv_newcfashion.Pictures_Products(id_picture_product, id_picture, id_product, is_miniature) VALUES
(263, 263, 56, False);
INSERT INTO moykiv_newcfashion.Pictures_Products(id_picture_product, id_picture, id_product, is_miniature) VALUES
(264, 264, 57, True);
INSERT INTO moykiv_newcfashion.Pictures_Products(id_picture_product, id_picture, id_product, is_miniature) VALUES
(265, 265, 52, False);
INSERT INTO moykiv_newcfashion.Pictures_Products(id_picture_product, id_picture, id_product, is_miniature) VALUES
(266, 266, 52, False);
INSERT INTO moykiv_newcfashion.Pictures_Products(id_picture_product, id_picture, id_product, is_miniature) VALUES
(267, 267, 52, False);
INSERT INTO moykiv_newcfashion.Pictures_Products(id_picture_product, id_picture, id_product, is_miniature) VALUES
(268, 268, 58, True);
INSERT INTO moykiv_newcfashion.Pictures_Products(id_picture_product, id_picture, id_product, is_miniature) VALUES
(269, 269, 58, False);
INSERT INTO moykiv_newcfashion.Pictures_Products(id_picture_product, id_picture, id_product, is_miniature) VALUES
(270, 270, 58, False);
INSERT INTO moykiv_newcfashion.Pictures_Products(id_picture_product, id_picture, id_product, is_miniature) VALUES
(271, 271, 59, True);
INSERT INTO moykiv_newcfashion.Pictures_Products(id_picture_product, id_picture, id_product, is_miniature) VALUES
(272, 272, 60, True);
INSERT INTO moykiv_newcfashion.Pictures_Products(id_picture_product, id_picture, id_product, is_miniature) VALUES
(273, 273, 61, True);
INSERT INTO moykiv_newcfashion.Pictures_Products(id_picture_product, id_picture, id_product, is_miniature) VALUES
(274, 274, 61, False);
INSERT INTO moykiv_newcfashion.Pictures_Products(id_picture_product, id_picture, id_product, is_miniature) VALUES
(275, 275, 61, False);
INSERT INTO moykiv_newcfashion.Pictures_Products(id_picture_product, id_picture, id_product, is_miniature) VALUES
(276, 276, 61, False);
INSERT INTO moykiv_newcfashion.Pictures_Products(id_picture_product, id_picture, id_product, is_miniature) VALUES
(277, 277, 62, True);
INSERT INTO moykiv_newcfashion.Pictures_Products(id_picture_product, id_picture, id_product, is_miniature) VALUES
(278, 278, 62, False);
INSERT INTO moykiv_newcfashion.Pictures_Products(id_picture_product, id_picture, id_product, is_miniature) VALUES
(279, 279, 62, False);
INSERT INTO moykiv_newcfashion.Pictures_Products(id_picture_product, id_picture, id_product, is_miniature) VALUES
(280, 280, 62, False);
INSERT INTO moykiv_newcfashion.Pictures_Products(id_picture_product, id_picture, id_product, is_miniature) VALUES
(281, 281, 63, False);
INSERT INTO moykiv_newcfashion.Pictures_Products(id_picture_product, id_picture, id_product, is_miniature) VALUES
(282, 282, 63, True);
INSERT INTO moykiv_newcfashion.Pictures_Products(id_picture_product, id_picture, id_product, is_miniature) VALUES
(283, 283, 63, False);
INSERT INTO moykiv_newcfashion.Pictures_Products(id_picture_product, id_picture, id_product, is_miniature) VALUES
(284, 284, 63, False);
INSERT INTO moykiv_newcfashion.Pictures_Products(id_picture_product, id_picture, id_product, is_miniature) VALUES
(285, 285, 73, True);
INSERT INTO moykiv_newcfashion.Pictures_Products(id_picture_product, id_picture, id_product, is_miniature) VALUES
(286, 286, 73, False);
INSERT INTO moykiv_newcfashion.Pictures_Products(id_picture_product, id_picture, id_product, is_miniature) VALUES
(288, 288, 74, True);
INSERT INTO moykiv_newcfashion.Pictures_Products(id_picture_product, id_picture, id_product, is_miniature) VALUES
(289, 289, 74, False);
INSERT INTO moykiv_newcfashion.Pictures_Products(id_picture_product, id_picture, id_product, is_miniature) VALUES
(290, 290, 2, False);
INSERT INTO moykiv_newcfashion.Pictures_Products(id_picture_product, id_picture, id_product, is_miniature) VALUES
(291, 291, 2, False);
INSERT INTO moykiv_newcfashion.Pictures_Products(id_picture_product, id_picture, id_product, is_miniature) VALUES
(292, 292, 2, False);
INSERT INTO moykiv_newcfashion.Pictures_Products(id_picture_product, id_picture, id_product, is_miniature) VALUES
(293, 293, 75, True);
INSERT INTO moykiv_newcfashion.Pictures_Products(id_picture_product, id_picture, id_product, is_miniature) VALUES
(294, 294, 75, False);
INSERT INTO moykiv_newcfashion.Pictures_Products(id_picture_product, id_picture, id_product, is_miniature) VALUES
(295, 295, 76, True);
INSERT INTO moykiv_newcfashion.Pictures_Products(id_picture_product, id_picture, id_product, is_miniature) VALUES
(300, 300, 76, False);
INSERT INTO moykiv_newcfashion.Pictures_Products(id_picture_product, id_picture, id_product, is_miniature) VALUES
(301, 301, 81, True);
INSERT INTO moykiv_newcfashion.Pictures_Products(id_picture_product, id_picture, id_product, is_miniature) VALUES
(302, 302, 82, True);
INSERT INTO moykiv_newcfashion.Pictures_Products(id_picture_product, id_picture, id_product, is_miniature) VALUES
(303, 303, 83, True);
INSERT INTO moykiv_newcfashion.Pictures_Products(id_picture_product, id_picture, id_product, is_miniature) VALUES
(304, 304, 46, True);
INSERT INTO moykiv_newcfashion.Pictures_Products(id_picture_product, id_picture, id_product, is_miniature) VALUES
(305, 305, 46, False);
INSERT INTO moykiv_newcfashion.Pictures_Products(id_picture_product, id_picture, id_product, is_miniature) VALUES
(306, 306, 84, True);
INSERT INTO moykiv_newcfashion.Pictures_Products(id_picture_product, id_picture, id_product, is_miniature) VALUES
(307, 307, 84, False);
INSERT INTO moykiv_newcfashion.Pictures_Products(id_picture_product, id_picture, id_product, is_miniature) VALUES
(309, 309, 84, False);
INSERT INTO moykiv_newcfashion.Pictures_Products(id_picture_product, id_picture, id_product, is_miniature) VALUES
(310, 310, 84, False);
INSERT INTO moykiv_newcfashion.Pictures_Products(id_picture_product, id_picture, id_product, is_miniature) VALUES
(311, 311, 85, False);
INSERT INTO moykiv_newcfashion.Pictures_Products(id_picture_product, id_picture, id_product, is_miniature) VALUES
(312, 312, 85, False);
INSERT INTO moykiv_newcfashion.Pictures_Products(id_picture_product, id_picture, id_product, is_miniature) VALUES
(313, 313, 85, False);
INSERT INTO moykiv_newcfashion.Pictures_Products(id_picture_product, id_picture, id_product, is_miniature) VALUES
(316, 316, 10, True);
INSERT INTO moykiv_newcfashion.Pictures_Products(id_picture_product, id_picture, id_product, is_miniature) VALUES
(317, 317, 54, False);
INSERT INTO moykiv_newcfashion.Pictures_Products(id_picture_product, id_picture, id_product, is_miniature) VALUES
(318, 318, 54, False);
INSERT INTO moykiv_newcfashion.Pictures_Products(id_picture_product, id_picture, id_product, is_miniature) VALUES
(320, 320, 86, True);
INSERT INTO moykiv_newcfashion.Pictures_Products(id_picture_product, id_picture, id_product, is_miniature) VALUES
(321, 321, 37, True);
INSERT INTO moykiv_newcfashion.Pictures_Products(id_picture_product, id_picture, id_product, is_miniature) VALUES
(322, 322, 87, False);
INSERT INTO moykiv_newcfashion.Pictures_Products(id_picture_product, id_picture, id_product, is_miniature) VALUES
(323, 323, 87, True);
INSERT INTO moykiv_newcfashion.Pictures_Products(id_picture_product, id_picture, id_product, is_miniature) VALUES
(324, 324, 14, True);
INSERT INTO moykiv_newcfashion.Pictures_Products(id_picture_product, id_picture, id_product, is_miniature) VALUES
(325, 325, 14, False);
INSERT INTO moykiv_newcfashion.Pictures_Products(id_picture_product, id_picture, id_product, is_miniature) VALUES
(326, 326, 33, False);
INSERT INTO moykiv_newcfashion.Pictures_Products(id_picture_product, id_picture, id_product, is_miniature) VALUES
(327, 327, 33, False);
INSERT INTO moykiv_newcfashion.Pictures_Products(id_picture_product, id_picture, id_product, is_miniature) VALUES
(329, 329, 81, False);
INSERT INTO moykiv_newcfashion.Pictures_Products(id_picture_product, id_picture, id_product, is_miniature) VALUES
(332, 332, 90, True);
INSERT INTO moykiv_newcfashion.Pictures_Products(id_picture_product, id_picture, id_product, is_miniature) VALUES
(333, 333, 90, False);
INSERT INTO moykiv_newcfashion.Pictures_Products(id_picture_product, id_picture, id_product, is_miniature) VALUES
(334, 334, 90, False);
INSERT INTO moykiv_newcfashion.Pictures_Products(id_picture_product, id_picture, id_product, is_miniature) VALUES
(335, 335, 90, False);
INSERT INTO moykiv_newcfashion.Pictures_Products(id_picture_product, id_picture, id_product, is_miniature) VALUES
(336, 336, 89, True);
INSERT INTO moykiv_newcfashion.Pictures_Products(id_picture_product, id_picture, id_product, is_miniature) VALUES
(337, 337, 88, True);
INSERT INTO moykiv_newcfashion.Pictures_Products(id_picture_product, id_picture, id_product, is_miniature) VALUES
(338, 338, 86, False);
INSERT INTO moykiv_newcfashion.Pictures_Products(id_picture_product, id_picture, id_product, is_miniature) VALUES
(339, 339, 91, True);
INSERT INTO moykiv_newcfashion.Pictures_Products(id_picture_product, id_picture, id_product, is_miniature) VALUES
(340, 340, 50, True);
INSERT INTO moykiv_newcfashion.Pictures_Products(id_picture_product, id_picture, id_product, is_miniature) VALUES
(341, 341, 88, False);
INSERT INTO moykiv_newcfashion.Pictures_Products(id_picture_product, id_picture, id_product, is_miniature) VALUES
(342, 342, 85, False);
INSERT INTO moykiv_newcfashion.Pictures_Products(id_picture_product, id_picture, id_product, is_miniature) VALUES
(344, 344, 85, True);
INSERT INTO moykiv_newcfashion.Pictures_Products(id_picture_product, id_picture, id_product, is_miniature) VALUES
(345, 345, 91, False);
INSERT INTO moykiv_newcfashion.Pictures_Products(id_picture_product, id_picture, id_product, is_miniature) VALUES
(346, 346, 91, False);
INSERT INTO moykiv_newcfashion.Pictures_Products(id_picture_product, id_picture, id_product, is_miniature) VALUES
(347, 347, 91, False);
INSERT INTO moykiv_newcfashion.Pictures_Products(id_picture_product, id_picture, id_product, is_miniature) VALUES
(348, 348, 89, False);
INSERT INTO moykiv_newcfashion.Pictures_Products(id_picture_product, id_picture, id_product, is_miniature) VALUES
(349, 349, 89, False);
INSERT INTO moykiv_newcfashion.Pictures_Products(id_picture_product, id_picture, id_product, is_miniature) VALUES
(350, 350, 92, True);
INSERT INTO moykiv_newcfashion.Pictures_Products(id_picture_product, id_picture, id_product, is_miniature) VALUES
(351, 351, 92, False);
INSERT INTO moykiv_newcfashion.Pictures_Products(id_picture_product, id_picture, id_product, is_miniature) VALUES
(352, 352, 92, False);
INSERT INTO moykiv_newcfashion.Pictures_Products(id_picture_product, id_picture, id_product, is_miniature) VALUES
(353, 353, 92, False);
INSERT INTO moykiv_newcfashion.Pictures_Products(id_picture_product, id_picture, id_product, is_miniature) VALUES
(354, 369, 83, False);
INSERT INTO moykiv_newcfashion.Pictures_Products(id_picture_product, id_picture, id_product, is_miniature) VALUES
(355, 370, 83, False);
INSERT INTO moykiv_newcfashion.Pictures_Products(id_picture_product, id_picture, id_product, is_miniature) VALUES
(356, 371, 83, False);
INSERT INTO moykiv_newcfashion.Pictures_Products(id_picture_product, id_picture, id_product, is_miniature) VALUES
(357, 372, 94, True);
INSERT INTO moykiv_newcfashion.Pictures_Products(id_picture_product, id_picture, id_product, is_miniature) VALUES
(358, 373, 94, False);
INSERT INTO moykiv_newcfashion.Pictures_Products(id_picture_product, id_picture, id_product, is_miniature) VALUES
(361, 376, 36, True);
INSERT INTO moykiv_newcfashion.Pictures_Products(id_picture_product, id_picture, id_product, is_miniature) VALUES
(362, 377, 95, True);
INSERT INTO moykiv_newcfashion.Pictures_Products(id_picture_product, id_picture, id_product, is_miniature) VALUES
(363, 378, 95, False);
INSERT INTO moykiv_newcfashion.Pictures_Products(id_picture_product, id_picture, id_product, is_miniature) VALUES
(364, 379, 95, False);
INSERT INTO moykiv_newcfashion.Pictures_Products(id_picture_product, id_picture, id_product, is_miniature) VALUES
(365, 380, 95, False);
INSERT INTO moykiv_newcfashion.Pictures_Products(id_picture_product, id_picture, id_product, is_miniature) VALUES
(366, 381, 96, True);
INSERT INTO moykiv_newcfashion.Pictures_Products(id_picture_product, id_picture, id_product, is_miniature) VALUES
(367, 382, 96, False);
INSERT INTO moykiv_newcfashion.Pictures_Products(id_picture_product, id_picture, id_product, is_miniature) VALUES
(368, 383, 96, False);
INSERT INTO moykiv_newcfashion.Pictures_Products(id_picture_product, id_picture, id_product, is_miniature) VALUES
(369, 384, 96, False);
INSERT INTO moykiv_newcfashion.Pictures_Products(id_picture_product, id_picture, id_product, is_miniature) VALUES
(370, 385, 96, False);
INSERT INTO moykiv_newcfashion.Pictures_Products(id_picture_product, id_picture, id_product, is_miniature) VALUES
(371, 386, 9, True);
INSERT INTO moykiv_newcfashion.Pictures_Products(id_picture_product, id_picture, id_product, is_miniature) VALUES
(372, 387, 9, False);
INSERT INTO moykiv_newcfashion.Pictures_Products(id_picture_product, id_picture, id_product, is_miniature) VALUES
(373, 388, 96, False);
INSERT INTO moykiv_newcfashion.Pictures_Products(id_picture_product, id_picture, id_product, is_miniature) VALUES
(374, 389, 96, False);
INSERT INTO moykiv_newcfashion.Pictures_Products(id_picture_product, id_picture, id_product, is_miniature) VALUES
(375, 390, 97, False);
INSERT INTO moykiv_newcfashion.Pictures_Products(id_picture_product, id_picture, id_product, is_miniature) VALUES
(376, 391, 97, False);
INSERT INTO moykiv_newcfashion.Pictures_Products(id_picture_product, id_picture, id_product, is_miniature) VALUES
(377, 392, 97, False);
INSERT INTO moykiv_newcfashion.Pictures_Products(id_picture_product, id_picture, id_product, is_miniature) VALUES
(378, 393, 97, False);
INSERT INTO moykiv_newcfashion.Pictures_Products(id_picture_product, id_picture, id_product, is_miniature) VALUES
(379, 394, 14, False);
INSERT INTO moykiv_newcfashion.Pictures_Products(id_picture_product, id_picture, id_product, is_miniature) VALUES
(380, 395, 14, False);
INSERT INTO moykiv_newcfashion.Pictures_Products(id_picture_product, id_picture, id_product, is_miniature) VALUES
(381, 396, 10, False);
INSERT INTO moykiv_newcfashion.Pictures_Products(id_picture_product, id_picture, id_product, is_miniature) VALUES
(382, 397, 10, False);
INSERT INTO moykiv_newcfashion.Pictures_Products(id_picture_product, id_picture, id_product, is_miniature) VALUES
(383, 398, 10, False);
INSERT INTO moykiv_newcfashion.Pictures_Products(id_picture_product, id_picture, id_product, is_miniature) VALUES
(384, 399, 98, True);
INSERT INTO moykiv_newcfashion.Pictures_Products(id_picture_product, id_picture, id_product, is_miniature) VALUES
(385, 400, 98, False);
INSERT INTO moykiv_newcfashion.Pictures_Products(id_picture_product, id_picture, id_product, is_miniature) VALUES
(386, 401, 98, False);
INSERT INTO moykiv_newcfashion.Pictures_Products(id_picture_product, id_picture, id_product, is_miniature) VALUES
(387, 402, 98, False);
INSERT INTO moykiv_newcfashion.Pictures_Products(id_picture_product, id_picture, id_product, is_miniature) VALUES
(388, 403, 98, False);
INSERT INTO moykiv_newcfashion.Pictures_Products(id_picture_product, id_picture, id_product, is_miniature) VALUES
(389, 404, 99, True);
INSERT INTO moykiv_newcfashion.Pictures_Products(id_picture_product, id_picture, id_product, is_miniature) VALUES
(390, 405, 99, False);
INSERT INTO moykiv_newcfashion.Pictures_Products(id_picture_product, id_picture, id_product, is_miniature) VALUES
(391, 406, 100, True);
INSERT INTO moykiv_newcfashion.Pictures_Products(id_picture_product, id_picture, id_product, is_miniature) VALUES
(392, 407, 101, True);
INSERT INTO moykiv_newcfashion.Pictures_Products(id_picture_product, id_picture, id_product, is_miniature) VALUES
(393, 408, 102, True);
INSERT INTO moykiv_newcfashion.Pictures_Products(id_picture_product, id_picture, id_product, is_miniature) VALUES
(394, 409, 103, True);
INSERT INTO moykiv_newcfashion.Pictures_Products(id_picture_product, id_picture, id_product, is_miniature) VALUES
(395, 410, 103, False);
INSERT INTO moykiv_newcfashion.Pictures_Products(id_picture_product, id_picture, id_product, is_miniature) VALUES
(396, 411, 104, True);
INSERT INTO moykiv_newcfashion.Pictures_Products(id_picture_product, id_picture, id_product, is_miniature) VALUES
(397, 412, 102, False);
INSERT INTO moykiv_newcfashion.Pictures_Products(id_picture_product, id_picture, id_product, is_miniature) VALUES
(398, 413, 105, False);
INSERT INTO moykiv_newcfashion.Pictures_Products(id_picture_product, id_picture, id_product, is_miniature) VALUES
(399, 414, 105, True);
INSERT INTO moykiv_newcfashion.Pictures_Products(id_picture_product, id_picture, id_product, is_miniature) VALUES
(400, 415, 97, True);
INSERT INTO moykiv_newcfashion.Pictures_Products(id_picture_product, id_picture, id_product, is_miniature) VALUES
(401, 416, 106, True);
INSERT INTO moykiv_newcfashion.Pictures_Products(id_picture_product, id_picture, id_product, is_miniature) VALUES
(402, 417, 107, True);
INSERT INTO moykiv_newcfashion.Pictures_Products(id_picture_product, id_picture, id_product, is_miniature) VALUES
(404, 419, 107, False);
INSERT INTO moykiv_newcfashion.Pictures_Products(id_picture_product, id_picture, id_product, is_miniature) VALUES
(405, 420, 107, False);
INSERT INTO moykiv_newcfashion.Pictures_Products(id_picture_product, id_picture, id_product, is_miniature) VALUES
(406, 421, 107, False);
INSERT INTO moykiv_newcfashion.Pictures_Products(id_picture_product, id_picture, id_product, is_miniature) VALUES
(407, 422, 107, False);
INSERT INTO moykiv_newcfashion.Pictures_Products(id_picture_product, id_picture, id_product, is_miniature) VALUES
(408, 423, 107, False);
INSERT INTO moykiv_newcfashion.Pictures_Products(id_picture_product, id_picture, id_product, is_miniature) VALUES
(409, 424, 108, True);
INSERT INTO moykiv_newcfashion.Pictures_Products(id_picture_product, id_picture, id_product, is_miniature) VALUES
(410, 425, 108, False);
INSERT INTO moykiv_newcfashion.Pictures_Products(id_picture_product, id_picture, id_product, is_miniature) VALUES
(411, 426, 108, False);
INSERT INTO moykiv_newcfashion.Pictures_Products(id_picture_product, id_picture, id_product, is_miniature) VALUES
(412, 427, 108, False);
INSERT INTO moykiv_newcfashion.Pictures_Products(id_picture_product, id_picture, id_product, is_miniature) VALUES
(413, 428, 100, False);
INSERT INTO moykiv_newcfashion.Pictures_Products(id_picture_product, id_picture, id_product, is_miniature) VALUES
(414, 429, 100, False);
INSERT INTO moykiv_newcfashion.Pictures_Products(id_picture_product, id_picture, id_product, is_miniature) VALUES
(415, 430, 100, False);
INSERT INTO moykiv_newcfashion.Pictures_Products(id_picture_product, id_picture, id_product, is_miniature) VALUES
(416, 431, 109, True);
INSERT INTO moykiv_newcfashion.Pictures_Products(id_picture_product, id_picture, id_product, is_miniature) VALUES
(417, 432, 109, False);
INSERT INTO moykiv_newcfashion.Pictures_Products(id_picture_product, id_picture, id_product, is_miniature) VALUES
(418, 433, 109, False);
INSERT INTO moykiv_newcfashion.Pictures_Products(id_picture_product, id_picture, id_product, is_miniature) VALUES
(419, 434, 106, False);
INSERT INTO moykiv_newcfashion.Pictures_Products(id_picture_product, id_picture, id_product, is_miniature) VALUES
(420, 435, 110, True);
INSERT INTO moykiv_newcfashion.Pictures_Products(id_picture_product, id_picture, id_product, is_miniature) VALUES
(421, 436, 111, True);
INSERT INTO moykiv_newcfashion.Pictures_Products(id_picture_product, id_picture, id_product, is_miniature) VALUES
(422, 437, 111, False);
INSERT INTO moykiv_newcfashion.Pictures_Products(id_picture_product, id_picture, id_product, is_miniature) VALUES
(423, 438, 112, True);
INSERT INTO moykiv_newcfashion.Pictures_Products(id_picture_product, id_picture, id_product, is_miniature) VALUES
(424, 439, 113, True);
INSERT INTO moykiv_newcfashion.Pictures_Products(id_picture_product, id_picture, id_product, is_miniature) VALUES
(425, 440, 113, False);
INSERT INTO moykiv_newcfashion.Pictures_Products(id_picture_product, id_picture, id_product, is_miniature) VALUES
(426, 441, 114, True);
INSERT INTO moykiv_newcfashion.Pictures_Products(id_picture_product, id_picture, id_product, is_miniature) VALUES
(427, 442, 114, False);
INSERT INTO moykiv_newcfashion.Pictures_Products(id_picture_product, id_picture, id_product, is_miniature) VALUES
(428, 443, 115, True);
INSERT INTO moykiv_newcfashion.Pictures_Products(id_picture_product, id_picture, id_product, is_miniature) VALUES
(429, 444, 115, False);
INSERT INTO moykiv_newcfashion.Pictures_Products(id_picture_product, id_picture, id_product, is_miniature) VALUES
(430, 445, 82, False);
INSERT INTO moykiv_newcfashion.Pictures_Products(id_picture_product, id_picture, id_product, is_miniature) VALUES
(431, 446, 82, False);
INSERT INTO moykiv_newcfashion.Pictures_Products(id_picture_product, id_picture, id_product, is_miniature) VALUES
(432, 447, 115, False);
INSERT INTO moykiv_newcfashion.Pictures_Products(id_picture_product, id_picture, id_product, is_miniature) VALUES
(433, 448, 115, False);
INSERT INTO moykiv_newcfashion.Pictures_Products(id_picture_product, id_picture, id_product, is_miniature) VALUES
(434, 449, 115, False);
INSERT INTO moykiv_newcfashion.Pictures_Products(id_picture_product, id_picture, id_product, is_miniature) VALUES
(438, 453, 112, False);
INSERT INTO moykiv_newcfashion.Pictures_Products(id_picture_product, id_picture, id_product, is_miniature) VALUES
(439, 454, 112, False);
INSERT INTO moykiv_newcfashion.Pictures_Products(id_picture_product, id_picture, id_product, is_miniature) VALUES
(440, 455, 112, False);
INSERT INTO moykiv_newcfashion.Pictures_Products(id_picture_product, id_picture, id_product, is_miniature) VALUES
(441, 456, 109, False);
INSERT INTO moykiv_newcfashion.Pictures_Products(id_picture_product, id_picture, id_product, is_miniature) VALUES
(442, 457, 109, False);
INSERT INTO moykiv_newcfashion.Pictures_Products(id_picture_product, id_picture, id_product, is_miniature) VALUES
(443, 458, 109, False);
INSERT INTO moykiv_newcfashion.Pictures_Products(id_picture_product, id_picture, id_product, is_miniature) VALUES
(444, 459, 113, False);
INSERT INTO moykiv_newcfashion.Pictures_Products(id_picture_product, id_picture, id_product, is_miniature) VALUES
(445, 460, 113, False);
INSERT INTO moykiv_newcfashion.Pictures_Products(id_picture_product, id_picture, id_product, is_miniature) VALUES
(446, 461, 115, False);
INSERT INTO moykiv_newcfashion.Pictures_Products(id_picture_product, id_picture, id_product, is_miniature) VALUES
(447, 462, 115, False);
INSERT INTO moykiv_newcfashion.Pictures_Products(id_picture_product, id_picture, id_product, is_miniature) VALUES
(448, 463, 111, False);
INSERT INTO moykiv_newcfashion.Pictures_Products(id_picture_product, id_picture, id_product, is_miniature) VALUES
(449, 464, 111, False);
INSERT INTO moykiv_newcfashion.Pictures_Products(id_picture_product, id_picture, id_product, is_miniature) VALUES
(450, 465, 116, True);
INSERT INTO moykiv_newcfashion.Pictures_Products(id_picture_product, id_picture, id_product, is_miniature) VALUES
(451, 466, 117, False);
INSERT INTO moykiv_newcfashion.Pictures_Products(id_picture_product, id_picture, id_product, is_miniature) VALUES
(452, 467, 117, True);
INSERT INTO moykiv_newcfashion.Pictures_Products(id_picture_product, id_picture, id_product, is_miniature) VALUES
(453, 468, 118, True);
INSERT INTO moykiv_newcfashion.Pictures_Products(id_picture_product, id_picture, id_product, is_miniature) VALUES
(455, 470, 120, False);
INSERT INTO moykiv_newcfashion.Pictures_Products(id_picture_product, id_picture, id_product, is_miniature) VALUES
(456, 471, 120, False);
INSERT INTO moykiv_newcfashion.Pictures_Products(id_picture_product, id_picture, id_product, is_miniature) VALUES
(457, 472, 120, False);
INSERT INTO moykiv_newcfashion.Pictures_Products(id_picture_product, id_picture, id_product, is_miniature) VALUES
(458, 473, 120, False);
INSERT INTO moykiv_newcfashion.Pictures_Products(id_picture_product, id_picture, id_product, is_miniature) VALUES
(459, 474, 120, False);
INSERT INTO moykiv_newcfashion.Pictures_Products(id_picture_product, id_picture, id_product, is_miniature) VALUES
(460, 475, 120, True);
INSERT INTO moykiv_newcfashion.Pictures_Products(id_picture_product, id_picture, id_product, is_miniature) VALUES
(461, 476, 121, True);
INSERT INTO moykiv_newcfashion.Pictures_Products(id_picture_product, id_picture, id_product, is_miniature) VALUES
(462, 477, 121, False);
INSERT INTO moykiv_newcfashion.Pictures_Products(id_picture_product, id_picture, id_product, is_miniature) VALUES
(463, 478, 121, False);
INSERT INTO moykiv_newcfashion.Pictures_Products(id_picture_product, id_picture, id_product, is_miniature) VALUES
(464, 479, 121, False);
INSERT INTO moykiv_newcfashion.Pictures_Products(id_picture_product, id_picture, id_product, is_miniature) VALUES
(465, 480, 123, True);
INSERT INTO moykiv_newcfashion.Pictures_Products(id_picture_product, id_picture, id_product, is_miniature) VALUES
(466, 481, 124, True);
INSERT INTO moykiv_newcfashion.Pictures_Products(id_picture_product, id_picture, id_product, is_miniature) VALUES
(467, 482, 124, False);
INSERT INTO moykiv_newcfashion.Pictures_Products(id_picture_product, id_picture, id_product, is_miniature) VALUES
(468, 483, 124, False);
INSERT INTO moykiv_newcfashion.Pictures_Products(id_picture_product, id_picture, id_product, is_miniature) VALUES
(469, 484, 124, False);
INSERT INTO moykiv_newcfashion.Pictures_Products(id_picture_product, id_picture, id_product, is_miniature) VALUES
(470, 485, 124, False);
INSERT INTO moykiv_newcfashion.Pictures_Products(id_picture_product, id_picture, id_product, is_miniature) VALUES
(471, 486, 124, False);
INSERT INTO moykiv_newcfashion.Pictures_Products(id_picture_product, id_picture, id_product, is_miniature) VALUES
(472, 487, 124, False);
INSERT INTO moykiv_newcfashion.Pictures_Products(id_picture_product, id_picture, id_product, is_miniature) VALUES
(473, 488, 125, False);
INSERT INTO moykiv_newcfashion.Pictures_Products(id_picture_product, id_picture, id_product, is_miniature) VALUES
(474, 489, 125, True);
INSERT INTO moykiv_newcfashion.Pictures_Products(id_picture_product, id_picture, id_product, is_miniature) VALUES
(478, 493, 125, False);
INSERT INTO moykiv_newcfashion.Pictures_Products(id_picture_product, id_picture, id_product, is_miniature) VALUES
(479, 494, 125, False);
INSERT INTO moykiv_newcfashion.Pictures_Products(id_picture_product, id_picture, id_product, is_miniature) VALUES
(480, 495, 125, False);
INSERT INTO moykiv_newcfashion.Pictures_Products(id_picture_product, id_picture, id_product, is_miniature) VALUES
(481, 496, 123, False);
INSERT INTO moykiv_newcfashion.Pictures_Products(id_picture_product, id_picture, id_product, is_miniature) VALUES
(482, 497, 123, False);
INSERT INTO moykiv_newcfashion.Pictures_Products(id_picture_product, id_picture, id_product, is_miniature) VALUES
(483, 498, 123, False);
INSERT INTO moykiv_newcfashion.Pictures_Products(id_picture_product, id_picture, id_product, is_miniature) VALUES
(484, 499, 110, False);
INSERT INTO moykiv_newcfashion.Pictures_Products(id_picture_product, id_picture, id_product, is_miniature) VALUES
(485, 500, 110, False);
INSERT INTO moykiv_newcfashion.Pictures_Products(id_picture_product, id_picture, id_product, is_miniature) VALUES
(486, 501, 110, False);
INSERT INTO moykiv_newcfashion.Pictures_Products(id_picture_product, id_picture, id_product, is_miniature) VALUES
(487, 502, 110, False);
INSERT INTO moykiv_newcfashion.Pictures_Products(id_picture_product, id_picture, id_product, is_miniature) VALUES
(489, 504, 126, False);
INSERT INTO moykiv_newcfashion.Pictures_Products(id_picture_product, id_picture, id_product, is_miniature) VALUES
(490, 505, 126, True);
INSERT INTO moykiv_newcfashion.Pictures_Products(id_picture_product, id_picture, id_product, is_miniature) VALUES
(491, 506, 126, False);
INSERT INTO moykiv_newcfashion.Pictures_Products(id_picture_product, id_picture, id_product, is_miniature) VALUES
(492, 507, 126, False);
INSERT INTO moykiv_newcfashion.Pictures_Products(id_picture_product, id_picture, id_product, is_miniature) VALUES
(493, 508, 126, False);
INSERT INTO moykiv_newcfashion.Pictures_Products(id_picture_product, id_picture, id_product, is_miniature) VALUES
(494, 509, 126, False);
INSERT INTO moykiv_newcfashion.Pictures_Products(id_picture_product, id_picture, id_product, is_miniature) VALUES
(495, 510, 126, False);
INSERT INTO moykiv_newcfashion.Pictures_Products(id_picture_product, id_picture, id_product, is_miniature) VALUES
(496, 511, 126, False);
INSERT INTO moykiv_newcfashion.Pictures_Products(id_picture_product, id_picture, id_product, is_miniature) VALUES
(497, 512, 126, False);
INSERT INTO moykiv_newcfashion.Pictures_Products(id_picture_product, id_picture, id_product, is_miniature) VALUES
(498, 513, 126, False);
INSERT INTO moykiv_newcfashion.Pictures_Products(id_picture_product, id_picture, id_product, is_miniature) VALUES
(499, 514, 126, False);
INSERT INTO moykiv_newcfashion.Pictures_Products(id_picture_product, id_picture, id_product, is_miniature) VALUES
(500, 515, 126, False);
INSERT INTO moykiv_newcfashion.Pictures_Products(id_picture_product, id_picture, id_product, is_miniature) VALUES
(501, 516, 127, False);
INSERT INTO moykiv_newcfashion.Pictures_Products(id_picture_product, id_picture, id_product, is_miniature) VALUES
(502, 517, 127, False);
INSERT INTO moykiv_newcfashion.Pictures_Products(id_picture_product, id_picture, id_product, is_miniature) VALUES
(503, 518, 127, True);
INSERT INTO moykiv_newcfashion.Pictures_Products(id_picture_product, id_picture, id_product, is_miniature) VALUES
(504, 519, 127, False);

INSERT INTO moykiv_newcfashion.Products(id_product, name, price, oldprice, url, isview, description, create_date, last_update) VALUES
(2, 'Style 27-49', 3800, 4400, '243', 1, '<p>Стильное, струящееся платье из шифона, с укороченным передом и поясом из камней, для девушек ценящих простоту.</p>', NULL, '2015-06-17 11:29:52');
INSERT INTO moykiv_newcfashion.Products(id_product, name, price, oldprice, url, isview, description, create_date, last_update) VALUES
(3, 'Style 27-08', 10000, 10000, '243', 1, '<p>Шикарное платье, усыпанное жемчугом и камнями,  спина оформлена глубоким вырезом, бантом и шлейфом</p>', NULL, '2015-05-27 09:55:43');
INSERT INTO moykiv_newcfashion.Products(id_product, name, price, oldprice, url, isview, description, create_date, last_update) VALUES
(5, 'Style 21-11 черн. гипюр', 5600, 7000, '243', 1, '<p>Контрастное вечерние платье с черным гипюром и ажурной лентой, украшенной бисером. Встроенный пушап, съемные регулируемые лямки, внутренняя основа имеет прорезиненную ленту.<span></span></p>', NULL, '2015-07-09 09:12:21');
INSERT INTO moykiv_newcfashion.Products(id_product, name, price, oldprice, url, isview, description, create_date, last_update) VALUES
(6, 'Style 24-04', 5600, 6000, '243', 0, '<p>Модный фасон платья с укороченным передом, выполнен из жесткой сетки.</p>', NULL, '0000-00-00 00:00:00');
INSERT INTO moykiv_newcfashion.Products(id_product, name, price, oldprice, url, isview, description, create_date, last_update) VALUES
(8, 'Style 29-01+болеро', 4400, 6600, '243', 0, '<p>Если вы хотите произвести впечатление, то остановите свой выбор на этом платье, удачное сочетание гипюра, атласа и шифона не оставит Вас без внимания на любом торжестве.</p>', NULL, '0000-00-00 00:00:00');
INSERT INTO moykiv_newcfashion.Products(id_product, name, price, oldprice, url, isview, description, create_date, last_update) VALUES
(9, 'Style 27-11', 6600, 6600, '243', 0, '<p>Контрастное платье из шифона и черного атласа, выполненного в технике "выжег"</p>', NULL, '0000-00-00 00:00:00');
INSERT INTO moykiv_newcfashion.Products(id_product, name, price, oldprice, url, isview, description, create_date, last_update) VALUES
(112, 'Style 29-29', 8000, 8000, '243', 0, '<p>Шикарное платье из гипюра и фатина, верх расшит жемчугом</p>', '2015-06-10 14:36:08', '2015-06-13 11:04:51');
INSERT INTO moykiv_newcfashion.Products(id_product, name, price, oldprice, url, isview, description, create_date, last_update) VALUES
(11, 'Style 28-26', 6600, 7000, '243', 0, '<p>Стильный фасон, выгодно подчеркивающий Вашу фигуру, платье оформлено лэйсами, украшенными матовыми камнями, экстравагантный вырез на спине завершает образ.</p>', NULL, '0000-00-00 00:00:00');
INSERT INTO moykiv_newcfashion.Products(id_product, name, price, oldprice, url, isview, description, create_date, last_update) VALUES
(12, 'Style 28-67', 6600, 7000, '243', 1, '<p>Данная модель платья замечательно подойдет для девушек, отдающих предпочтение локоничному стилю. Модель выполнена из крепа, оформлена вырезами с сеткой и камнями, на талии вставки-баска. На спине круглый вырез.</p>', NULL, '2015-06-10 14:42:40');
INSERT INTO moykiv_newcfashion.Products(id_product, name, price, oldprice, url, isview, description, create_date, last_update) VALUES
(13, 'Style 28-86', 3800, 6600, '243', 1, '<p>Вечернее платье из объемного богатого гипюра, нетребующего страз и камней, юбка выполнена из шифона. Модель с открытой спиной. </p>', NULL, '2015-06-10 14:39:53');
INSERT INTO moykiv_newcfashion.Products(id_product, name, price, oldprice, url, isview, description, create_date, last_update) VALUES
(14, 'Style 29-28', 4400, 6600, '243', 1, '<p>Вечерние платье в бальном стиле, строгий фасон для девушек, предпочитающих лаконичный стиль. </p>', NULL, '2015-06-03 09:38:38');
INSERT INTO moykiv_newcfashion.Products(id_product, name, price, oldprice, url, isview, description, create_date, last_update) VALUES
(15, 'Style 29-38  рукав3/4', 4800, 7500, '243', 1, '<p>Вечернее платье из гипюра, фасон выгодно подчеркнет Вашу фигуру, а открытая спина придаст шарм</p>', NULL, '0000-00-00 00:00:00');
INSERT INTO moykiv_newcfashion.Products(id_product, name, price, oldprice, url, isview, description, create_date, last_update) VALUES
(117, 'Style 27-74', 10000, 10000, '243', 0, '<p>Вечернее платье из стрейчивого крепа и ввставками по бокам из сетки, усыпанной камнями</p>', '2015-06-25 19:16:46', '2015-06-25 21:34:57');
INSERT INTO moykiv_newcfashion.Products(id_product, name, price, oldprice, url, isview, description, create_date, last_update) VALUES
(118, 'Style 28-08', 6600, 7600, '243', 0, '<p>контрастное платье с ожерельем из жемчуга и камней</p>', '2015-06-25 21:36:58', '2015-06-25 21:38:45');
INSERT INTO moykiv_newcfashion.Products(id_product, name, price, oldprice, url, isview, description, create_date, last_update) VALUES
(121, 'Style 27-75 (мягк.гипюр)', 7000, 7000, '243', 0, '<p>Вечернее платье романтичного фасона, верх выполнен из гипюра, украшенного мелкими стразами, низ из шифона. Драпировка по центру позволяет скрыть недостатки фигуры<span></span></p>', '2015-06-29 14:53:22', '2015-06-29 14:55:44');
INSERT INTO moykiv_newcfashion.Products(id_product, name, price, oldprice, url, isview, description, create_date, last_update) VALUES
(18, 'Style 21-02', 6600, 6600, '243', 0, '<p>Атласное платье со шлейфом, контрастно оформлено черными вставками под грудью и широкими лямкама на крест на спине.</p>', NULL, '0000-00-00 00:00:00');
INSERT INTO moykiv_newcfashion.Products(id_product, name, price, oldprice, url, isview, description, create_date, last_update) VALUES
(19, 'Style 26-19+рукав', 7000, 7000, '243', 0, '<p>Струящееся платье из турецкого трикотажа с переходом цвета, комфортная модель для полных дам</p>', NULL, '0000-00-00 00:00:00');
INSERT INTO moykiv_newcfashion.Products(id_product, name, price, oldprice, url, isview, description, create_date, last_update) VALUES
(20, 'Style 28-56', 2800, 5800, '243', 1, '<p>Строгое, но  в тоже время экстравагантное платье для девушек, желающих подчеркнуть достоинства своей фигуры</p>', NULL, '2015-07-05 09:00:34');
INSERT INTO moykiv_newcfashion.Products(id_product, name, price, oldprice, url, isview, description, create_date, last_update) VALUES
(21, 'Style 22-68', 5000, 6000, '243', 0, '<p>Шифоновое вечернее  платье с рукавами из тонкого атласа,  платье дикорировано брошью из камней и драпировкой под грудью</p>', NULL, '0000-00-00 00:00:00');
INSERT INTO moykiv_newcfashion.Products(id_product, name, price, oldprice, url, isview, description, create_date, last_update) VALUES
(126, 'Style 32-39', 7600, 7600, '243', 0, '<p>Вечернее платье для девушек, предпочитающих делать акцент на спине, экстравагантный вырез, оформленный жимчугом и стразами привлечет к Вам внимание<span></span></p>', '2015-07-15 21:16:37', '2015-07-16 13:14:07');
INSERT INTO moykiv_newcfashion.Products(id_product, name, price, oldprice, url, isview, description, create_date, last_update) VALUES
(23, 'Style 21-83', 2400, 4400, '243', 0, '<p>Коктейльное платье из турецкого трикотажа полностью задрапированно, что позволит Вам чувствовать себя комфортно на любом мероприятии</p>', NULL, '0000-00-00 00:00:00');
INSERT INTO moykiv_newcfashion.Products(id_product, name, price, oldprice, url, isview, description, create_date, last_update) VALUES
(24, 'Style 23-08', 1500, 3800, '243', 1, '<p>Коктейльное платье для любителей классического сочетания цветов черного и белого, модель выполнена из атласа и декорирована камнями, внутренняя часть платья в области лифа прорезинена, что позволяет носить его без бретелек, которые прилагаются</p>', NULL, '2015-05-25 09:16:28');
INSERT INTO moykiv_newcfashion.Products(id_product, name, price, oldprice, url, isview, description, create_date, last_update) VALUES
(25, 'Style 21-94', 1800, 3300, '243', 0, '<p>Стильное платье из гипюра, спина оформлена молнией и широкими лямками из резинок</p>', NULL, '0000-00-00 00:00:00');
INSERT INTO moykiv_newcfashion.Products(id_product, name, price, oldprice, url, isview, description, create_date, last_update) VALUES
(26, 'Style 23-28', 3300, 5000, '243', 0, '<p>Атласное коктейльное платье, выполненное в контрастной цветовой гамме, пояс оформлен широким черным и гипюром</p>', NULL, '2015-05-06 17:58:57');
INSERT INTO moykiv_newcfashion.Products(id_product, name, price, oldprice, url, isview, description, create_date, last_update) VALUES
(27, 'Style 25-22', 2200, 4400, '243', 0, '<p>Элегантное платье из турецкого трикотажа полностью задрапировано, по правой стороне ажурная вставка, с бисером плавно поднимающаяся к лямкке</p>', NULL, '0000-00-00 00:00:00');
INSERT INTO moykiv_newcfashion.Products(id_product, name, price, oldprice, url, isview, description, create_date, last_update) VALUES
(28, 'Style 25-66', 2600, 2600, '243', 0, '<p>Платье лаконичного фасона, выполненное из крепа в яркой цветовой гамме (модель на складе)</p>', NULL, '0000-00-00 00:00:00');
INSERT INTO moykiv_newcfashion.Products(id_product, name, price, oldprice, url, isview, description, create_date, last_update) VALUES
(29, 'Style 24-46', 2200, 4400, '243', 0, '<p>Атласное платье на одно плечо, верх платья оформлен вышивкой с бисером и стеклярусом</p>', NULL, '0000-00-00 00:00:00');
INSERT INTO moykiv_newcfashion.Products(id_product, name, price, oldprice, url, isview, description, create_date, last_update) VALUES
(30, 'Style 27-19', 3200, 4000, '243', 0, '<p>Стильное платье из крепа с баской, оформлено крупными бусами и камнями</p>', NULL, '2015-05-18 19:07:24');
INSERT INTO moykiv_newcfashion.Products(id_product, name, price, oldprice, url, isview, description, create_date, last_update) VALUES
(31, 'Style 28-28', 2800, 2800, '243', 0, '<p>Элегантное платье из крепа классического покроя, горловина оформлена бусами и камнями</p>', NULL, '0000-00-00 00:00:00');
INSERT INTO moykiv_newcfashion.Products(id_product, name, price, oldprice, url, isview, description, create_date, last_update) VALUES
(32, 'Style 28-69', 3200, 5000, '243', 0, '<p>Коктейльное платье с драпировкой на талии и отстегивающейся брошкой-розой</p>', NULL, '2015-05-06 18:02:35');
INSERT INTO moykiv_newcfashion.Products(id_product, name, price, oldprice, url, isview, description, create_date, last_update) VALUES
(33, 'Style 28-70', 4800, 7500, '243', 0, '<p>Вечернее платье из гипюра с блестками, с круглым вырезом на спине и со шлейфом</p>', NULL, '0000-00-00 00:00:00');
INSERT INTO moykiv_newcfashion.Products(id_product, name, price, oldprice, url, isview, description, create_date, last_update) VALUES
(34, 'Style 26-31', 7000, 7000, '243', 0, '<p>Замечательное вечернее платье для невесты с завышенной талией и гипюром на спине</p>', NULL, '2015-05-12 19:09:56');
INSERT INTO moykiv_newcfashion.Products(id_product, name, price, oldprice, url, isview, description, create_date, last_update) VALUES
(35, 'Style 21-12', 4400, 7000, '243', 0, '<p>Вечернее платье из атласа и шифона, лиф оформлен гафрированным шифоном, лямки украшены камнями и бусами  на спине перекрещиваются</p>', NULL, '0000-00-00 00:00:00');
INSERT INTO moykiv_newcfashion.Products(id_product, name, price, oldprice, url, isview, description, create_date, last_update) VALUES
(36, 'Style 27-98', 6000, 6000, '243', 0, '<p>Элегантное вечернее платье из белого крепа, оформленного по центру черным гипюром. Под грудью модель декорирована стразами. Экстравагантный вырез на спине завершает утонченный образ.</p>', NULL, '2015-06-15 09:24:28');
INSERT INTO moykiv_newcfashion.Products(id_product, name, price, oldprice, url, isview, description, create_date, last_update) VALUES
(110, 'Style 29-27', 7000, 7000, '243', 0, '<p>Шифоновое платье в греческом сителе с завышенной талией, оформление выполено камнями. На спине шнуровка</p>', '2015-06-10 13:59:07', '2015-07-03 17:24:43');
INSERT INTO moykiv_newcfashion.Products(id_product, name, price, oldprice, url, isview, description, create_date, last_update) VALUES
(111, 'Style 30-09', 7600, 7600, '243', 0, '<p>Платье романтичного фасона, верх выполнен из гипюра с нисподающими на плечи рукавами</p>', '2015-06-10 14:14:59', '2015-06-29 14:40:43');
INSERT INTO moykiv_newcfashion.Products(id_product, name, price, oldprice, url, isview, description, create_date, last_update) VALUES
(38, 'Style 22-69+болеро', 6600, 6600, '243', 0, '<p>Платье выполненное из тяжелого атласа, придаст  Вам элегантность  и скроет недостатки фигуры, задрапированный лиф придает необычность фасону, а болеро удачно подойдет девушкам, предпочитающим закрывать плечи</p>', NULL, '2015-06-17 11:47:01');
INSERT INTO moykiv_newcfashion.Products(id_product, name, price, oldprice, url, isview, description, create_date, last_update) VALUES
(39, 'Style 28-58рукав', 3800, 7500, '243', 0, '<p>Экстравагантное платье благородного цвета с рукавом, оформленное золотой вышивкой с камнями по горловине и под грудью.</p>', NULL, '2015-06-17 11:49:05');
INSERT INTO moykiv_newcfashion.Products(id_product, name, price, oldprice, url, isview, description, create_date, last_update) VALUES
(40, 'Style 29-10', 3200, 5400, '243', 0, '<p>Коктейльное платье классического покроя, выполненного из крепа, изюминка модели заключается в декорировании спины камнями и стразами, которая оформлена из сетки</p>', NULL, '2015-06-29 14:42:21');
INSERT INTO moykiv_newcfashion.Products(id_product, name, price, oldprice, url, isview, description, create_date, last_update) VALUES
(41, 'Style 28-22', 4800, 5600, '243', 0, '<p>Вечернее платье отлично подчеркивающее фигуру, платье усыпано жемчугом и стразами</p>', NULL, '2015-05-19 20:02:23');
INSERT INTO moykiv_newcfashion.Products(id_product, name, price, oldprice, url, isview, description, create_date, last_update) VALUES
(42, 'Style 24-45', 2400, 3600, '243', 0, '<p>Нарядное платье, для девушек предпочитающих черный цвет, но желающих внести разнообразие ярким блеском. Платье выполнено из итальянского трикотажа, верх с легким напуском из сетки, под сеткой золотистая майка. </p>', NULL, '0000-00-00 00:00:00');
INSERT INTO moykiv_newcfashion.Products(id_product, name, price, oldprice, url, isview, description, create_date, last_update) VALUES
(44, 'Style 20-40+болеро', 2800, 2800, '243', 0, '<p>Атласное платье с ярким принтом,  фасон футляр с двумя карманами, грудь задрапирована, регулируемые ламки. (модель на складе)</p>', NULL, '0000-00-00 00:00:00');
INSERT INTO moykiv_newcfashion.Products(id_product, name, price, oldprice, url, isview, description, create_date, last_update) VALUES
(45, 'Style 20-71', 1800, 1800, '243', 0, '<p>Коктейльное платье, принт-аватар, лиф оформлен гафрированным бантом и серебристой вышивкой со стразами, встроенный пуш-ап и съемные регулиремые лямки</p>', NULL, '0000-00-00 00:00:00');
INSERT INTO moykiv_newcfashion.Products(id_product, name, price, oldprice, url, isview, description, create_date, last_update) VALUES
(46, 'Style 29-14', 7500, 7500, '243', 0, '<p>Легкое воздушное платье , французский вырез удачно подчеркнет Вашу грудь. Под грудью и на плечах оформление выполнено из серебристой вышивки со стразами, шифоновый рукав свободного раскроя не будет сковывать плечи, на спине широкая резинка, что удачно подойдет дамам с пышными формами.</p>', NULL, '0000-00-00 00:00:00');
INSERT INTO moykiv_newcfashion.Products(id_product, name, price, oldprice, url, isview, description, create_date, last_update) VALUES
(47, 'Style 25-96', 2800, 4400, '243', 0, '<p>Стильное ассиметричное платье, лямка на одно плечо, легкая сетка задрапирована по на груди и плавно переходит в запах на юбке. Переливающиеся стразы на плече принесут экстравагантность в Ваш образ</p>', NULL, '2015-06-10 14:41:13');
INSERT INTO moykiv_newcfashion.Products(id_product, name, price, oldprice, url, isview, description, create_date, last_update) VALUES
(48, 'Style 20-80', 1400, 3600, '243', 0, '<p>Легкое шифоновое платье из множества гафрированных валанов, верх оформлен вышивкой в технике "выжег"</p>', NULL, '0000-00-00 00:00:00');
INSERT INTO moykiv_newcfashion.Products(id_product, name, price, oldprice, url, isview, description, create_date, last_update) VALUES
(49, 'Style 22-13', 2600, 5200, '243', 0, '<p>Стильное платье на одно плечо из атласа, экстравагантно оформлено вырезом  в виде капли спереди и сзади, декорированными окантовкой из камней</p>', NULL, '0000-00-00 00:00:00');
INSERT INTO moykiv_newcfashion.Products(id_product, name, price, oldprice, url, isview, description, create_date, last_update) VALUES
(50, 'Style 28-59', 4400, 7000, '243', 0, '<p>Элегантное платье из нежного гипюра с припущенным рукавом и аппликацией с камнями</p>', NULL, '0000-00-00 00:00:00');
INSERT INTO moykiv_newcfashion.Products(id_product, name, price, oldprice, url, isview, description, create_date, last_update) VALUES
(51, 'Style 21-52', 3400, 3400, '243', 0, '<p>Гипюровое платье с пышной юбкой, отлично подойдет изящным девушкам</p>', NULL, '0000-00-00 00:00:00');
INSERT INTO moykiv_newcfashion.Products(id_product, name, price, oldprice, url, isview, description, create_date, last_update) VALUES
(52, 'Style 30-29', 3600, 3600, '243', 0, '<p>Коктейльное платья классического покроя из богатого набивного гипюра</p>', NULL, '0000-00-00 00:00:00');
INSERT INTO moykiv_newcfashion.Products(id_product, name, price, oldprice, url, isview, description, create_date, last_update) VALUES
(53, 'Style 29-63 рукав', 5600, 7000, '243', 0, '<p>Замечательный вариант для дам, предпочитающих элегантные закрытые платья. Верх выполнен из набивного гипюра, юбка из шифона</p>', NULL, '2015-05-19 20:03:24');
INSERT INTO moykiv_newcfashion.Products(id_product, name, price, oldprice, url, isview, description, create_date, last_update) VALUES
(54, 'Style 27-26', 7600, 7600, '243', 0, '<p>Струящееся платье из шифона, V-образный вырез отлично подчеркнет грудь, золотистая вышивка с камнями делает платье торжественным. Замечательный выбор для юбилея, свадеб.</p>', NULL, '2015-05-06 18:01:55');
INSERT INTO moykiv_newcfashion.Products(id_product, name, price, oldprice, url, isview, description, create_date, last_update) VALUES
(55, 'Style 28-80', 4400, 6000, '243', 0, '<p>Современное платье популярного фасона годе, выгодно подчеркнет фигуру, контрастное сочетание цветов предаст Вам изысканность, встроенный пуш ап подчеркнет грудь.</p>', NULL, '0000-00-00 00:00:00');
INSERT INTO moykiv_newcfashion.Products(id_product, name, price, oldprice, url, isview, description, create_date, last_update) VALUES
(56, 'Style 31-21', 3300, 3300, '243', 0, '<p>Коктейльное платье сложного покроя, удачное сочетание набивного гипюра и сетки, платье для девушек, предпочитающих экстравагантность.</p>', NULL, '2015-05-25 09:17:01');
INSERT INTO moykiv_newcfashion.Products(id_product, name, price, oldprice, url, isview, description, create_date, last_update) VALUES
(57, 'Style 21-60', 3000, 4800, '243', 0, '<p>Элегантное атласное платье для женщин, предпочитающих классический покрой, лиф оформлен черным гипюром, который контстрастно выглядет на белом фоне. </p>', NULL, '0000-00-00 00:00:00');
INSERT INTO moykiv_newcfashion.Products(id_product, name, price, oldprice, url, isview, description, create_date, last_update) VALUES
(58, 'Style 25-49', 1100, 2800, '243', 0, '<p>Повседневное платье из итальянского трикотажа, легкое, дышащее стильное, подойдет для любого мероприятия</p>', NULL, '0000-00-00 00:00:00');
INSERT INTO moykiv_newcfashion.Products(id_product, name, price, oldprice, url, isview, description, create_date, last_update) VALUES
(59, 'Style 25-69', 1100, 2800, '243', 0, '<p>Контрастное платье из  итальянского трикотажа, V-образный вырез подчеркнет Ваши достоинства</p>', NULL, '0000-00-00 00:00:00');
INSERT INTO moykiv_newcfashion.Products(id_product, name, price, oldprice, url, isview, description, create_date, last_update) VALUES
(60, 'Style 25-61', 1100, 2800, '243', 0, '<p>Шифоновое платье-футляр с золотстым напылением, украшенное поясом-цепочкой</p>', NULL, '0000-00-00 00:00:00');
INSERT INTO moykiv_newcfashion.Products(id_product, name, price, oldprice, url, isview, description, create_date, last_update) VALUES
(113, 'Style 31-85', 3800, 4400, '243', 0, '<p>Элегантное платье их гипюра с коротким рукавом</p>', '2015-06-10 14:45:32', '2015-06-17 11:09:44');
INSERT INTO moykiv_newcfashion.Products(id_product, name, price, oldprice, url, isview, description, create_date, last_update) VALUES
(114, 'Style 32-32', 3800, 4400, '243', 0, '<p>Коктейльное платье с коротким рукавом из гипюра, пояс из атласа</p>', '2015-06-10 14:47:24', '2015-06-10 14:48:03');
INSERT INTO moykiv_newcfashion.Products(id_product, name, price, oldprice, url, isview, description, create_date, last_update) VALUES
(62, 'Style 24-98', 1100, 2800, '243', 0, '<p>Повседневное платье модели футляр из итальянского трикотажа и гипюра.</p>', NULL, '0000-00-00 00:00:00');
INSERT INTO moykiv_newcfashion.Products(id_product, name, price, oldprice, url, isview, description, create_date, last_update) VALUES
(63, 'Style 30-02', 4300, 4300, '243', 0, '<p>Яркое запомниающееся платье классического покроя, усыпанное переливающимися камнями.</p>', NULL, '2015-06-17 11:47:40');
INSERT INTO moykiv_newcfashion.Products(id_product, name, price, oldprice, url, isview, description, create_date, last_update) VALUES
(109, 'Style 27-58', 6600, 6600, '243', 0, '<p>Струящееся платье из шифона с драпировкой на талии, сбоку украшенно цветами из шелка </p>', '2015-05-26 17:03:55', '2015-06-17 11:50:17');
INSERT INTO moykiv_newcfashion.Products(id_product, name, price, oldprice, url, isview, description, create_date, last_update) VALUES
(127, 'Style 25-75', 6600, 6600, '243', 0, '<p>Шифоновое платье красота которого, заключается в декорировании верхней части драприровками и гафрированными вставками</p>', '2015-07-16 13:31:44', '2015-07-16 13:32:24');
INSERT INTO moykiv_newcfashion.Products(id_product, name, price, oldprice, url, isview, description, create_date, last_update) VALUES
(90, 'Style 29-63', 5600, 7000, '243', 0, '<p>Замечательный вариант для дам, предпочитающих элегантные  платья без излишеств. Верх выполнен из набивного гипюра, юбка из шифона, на спине экстравагантный вырез.</p>', NULL, '2015-06-18 12:36:34');
INSERT INTO moykiv_newcfashion.Products(id_product, name, price, oldprice, url, isview, description, create_date, last_update) VALUES
(115, '29-49', 7600, 7600, '243', 0, '<p>Платье полюбившегося фасона, верх выполнен из гипюра, оформленного мелкими старзами, низ коротка атласная юбка, сверху длинная юбка из шифона с разрезом по центру</p>', '2015-06-10 14:49:54', '2015-06-18 12:36:59');
INSERT INTO moykiv_newcfashion.Products(id_product, name, price, oldprice, url, isview, description, create_date, last_update) VALUES
(94, 'Style 30-04', 6000, 7000, '243', 0, '<p>Романтичное платье из  шифона, верх выполнен из плотной телесной сетки, украшенной вышивкой в цвет юбки<span></span></p>', NULL, '2015-06-14 09:55:40');
INSERT INTO moykiv_newcfashion.Products(id_product, name, price, oldprice, url, isview, description, create_date, last_update) VALUES
(116, 'Style 27-56', 5600, 6600, '243', 0, '<p>Шифоновое платье с V-образным вырезом, под грудью оформление из вышивки с мелкими цветочками</p>', '2015-06-18 13:13:55', '2015-06-18 13:14:55');
INSERT INTO moykiv_newcfashion.Products(id_product, name, price, oldprice, url, isview, description, create_date, last_update) VALUES
(96, 'Style 31-37', 5600, 6600, '243', 0, '<p>Стильное шифоновое платье для изящных девушек, верх мелко задрапированн и оформленн камнями, внутри юбка короткая, сверху с разрезом по ноге струится длинная юбка</p>', NULL, '2015-06-13 10:33:52');
INSERT INTO moykiv_newcfashion.Products(id_product, name, price, oldprice, url, isview, description, create_date, last_update) VALUES
(73, 'Style 601', 3600, 3600, '243', 0, '<p>Коктейльное платье из атласа сложного покроя с коротким рукавом, неболшая баска и бант скроет недостатки фигуры.</p>', NULL, '0000-00-00 00:00:00');
INSERT INTO moykiv_newcfashion.Products(id_product, name, price, oldprice, url, isview, description, create_date, last_update) VALUES
(74, 'Style 27-27', 4400, 4400, '243', 0, '<p>Легкое шифоновое платье с воротником из камней и серебристым поясом.</p>', NULL, '0000-00-00 00:00:00');
INSERT INTO moykiv_newcfashion.Products(id_product, name, price, oldprice, url, isview, description, create_date, last_update) VALUES
(75, 'Style  28-15', 3600, 3600, '243', 0, '<p>Коктейльное платье с пышной юбкой и отстегивающейся брошью-цветком</p>', NULL, '0000-00-00 00:00:00');
INSERT INTO moykiv_newcfashion.Products(id_product, name, price, oldprice, url, isview, description, create_date, last_update) VALUES
(76, 'Style 31-53', 4200, 4200, '243', 0, '<p>Популярное пышное платье из гипюра на жесткой основе, придаст Вам утноченность и изящность. </p>', NULL, '2015-06-10 14:40:28');
INSERT INTO moykiv_newcfashion.Products(id_product, name, price, oldprice, url, isview, description, create_date, last_update) VALUES
(105, 'Style 27-30', 6000, 7000, '243', 0, '<p>Шифоновое платье с экстравагантной яркой спиной, украшенной вырезом с сеткой, усыпанной стразами и качельками</p>', '2015-05-04 10:18:11', '2015-05-18 19:02:19');
INSERT INTO moykiv_newcfashion.Products(id_product, name, price, oldprice, url, isview, description, create_date, last_update) VALUES
(82, 'Style 31-19', 4800, 4800, '243', 0, '<p>Вечерние платье с пышной юбкой в пол, пояс выполнен из атласа</p>', NULL, '2015-06-15 09:22:57');
INSERT INTO moykiv_newcfashion.Products(id_product, name, price, oldprice, url, isview, description, create_date, last_update) VALUES
(83, 'Style 29-96', 7000, 7000, '243', 0, '<p>Платье из шифона и гипюра с глубоким вырезом, дикорированным сеткой с камнями и жемчугом</p>', NULL, '2015-05-03 21:35:19');
INSERT INTO moykiv_newcfashion.Products(id_product, name, price, oldprice, url, isview, description, create_date, last_update) VALUES
(84, 'Style 28-73', 7000, 7000, '243', 0, '<p>Струящееся платье из трикотажа с расцветкой "радуга", под грудью широкая лента из вышивки и камней, спина из сетки обрамлена качельками</p>', NULL, '0000-00-00 00:00:00');
INSERT INTO moykiv_newcfashion.Products(id_product, name, price, oldprice, url, isview, description, create_date, last_update) VALUES
(85, 'Style 30-66', 7200, 7200, '243', 0, '<p>Струящееся платье из шифона, подчеркивающеее силуэт и золотого набитого гипюра</p>', NULL, '2015-06-17 11:46:15');
INSERT INTO moykiv_newcfashion.Products(id_product, name, price, oldprice, url, isview, description, create_date, last_update) VALUES
(86, 'Style 26-97рукав', 7000, 7000, '243', 0, '<p>Шифоновое платье задрапированное на бок на талии, на плечах оформление  жемчугум и камнями</p>', NULL, '2015-06-25 21:44:48');
INSERT INTO moykiv_newcfashion.Products(id_product, name, price, oldprice, url, isview, description, create_date, last_update) VALUES
(119, 'Style 26-97', 6600, 6600, '243', 0, '<p>нежное платье из шифона с драпировкой под грудью, сбоку и на плечах вышивка из жемчуга и страз</p>', '2015-06-25 21:48:34', '2015-06-25 21:49:42');
INSERT INTO moykiv_newcfashion.Products(id_product, name, price, oldprice, url, isview, description, create_date, last_update) VALUES
(120, 'Style 27-75', 7000, 7000, '243', 0, '<p>Вечернее платье романтичного фасона, верх выполнен из гипюра, украшенного мелкими стразами, низ из шифона. Драпировка по центру позволяет скрыть недостатки фигуры</p>', '2015-06-29 14:46:53', '2015-06-29 14:52:01');
INSERT INTO moykiv_newcfashion.Products(id_product, name, price, oldprice, url, isview, description, create_date, last_update) VALUES
(99, 'Style 32-01', 5600, 5600, '243', 0, '<p>Вечернее платье из обливного шифона для девушек, предпочитающих лаконичные фасоны</p>', NULL, '2015-06-10 14:37:20');
INSERT INTO moykiv_newcfashion.Products(id_product, name, price, oldprice, url, isview, description, create_date, last_update) VALUES
(100, 'Style 30-22', 7200, 7200, '243', 0, '<p>Стильное платье, сосотоящее из короткого и длинного-прозрачного из набивной вышивки на сетке, украшенной стеклярусом и бисером</p>', NULL, '2015-05-19 20:01:12');
INSERT INTO moykiv_newcfashion.Products(id_product, name, price, oldprice, url, isview, description, create_date, last_update) VALUES
(101, 'Style 31-84', 4800, 4800, '243', 0, '<p>Элегантное платье из гипюра, сверху воздушная юбка из оюливного шифона, от груди по центру разрез</p>', NULL, '2015-06-03 09:35:37');
INSERT INTO moykiv_newcfashion.Products(id_product, name, price, oldprice, url, isview, description, create_date, last_update) VALUES
(122, 'Style 27-68', 4200, 4200, '243', 0, '<p>коктейльное платье из шифона и атласа, выполненного в технике выжег</p>', '2015-06-29 14:58:17', '0000-00-00 00:00:00');
INSERT INTO moykiv_newcfashion.Products(id_product, name, price, oldprice, url, isview, description, create_date, last_update) VALUES
(104, 'Style 22-79', 2800, 3600, '243', 0, '<p>Шифоновое платье, украшенное сбоку цветами из ткани</p>', NULL, '0000-00-00 00:00:00');
INSERT INTO moykiv_newcfashion.Products(id_product, name, price, oldprice, url, isview, description, create_date, last_update) VALUES
(106, 'ML 14-06', 2000, 3300, '243', 0, '<p>Летнее платье современного фасона  с укороченным передом, широкий пояс подчеркнет Вашу талию</p>', '2015-05-06 17:30:52', '2015-05-27 09:52:37');
INSERT INTO moykiv_newcfashion.Products(id_product, name, price, oldprice, url, isview, description, create_date, last_update) VALUES
(107, 'Style 30-30', 9600, 9600, '243', 0, '<p>Пышное платье из  фатина, украшенное поясом из мелких камней. Благодаря шнуровке на спине платье с легкостью подгоняется по фигуре</p>', '2015-05-12 19:03:11', '2015-06-15 09:25:07');
INSERT INTO moykiv_newcfashion.Products(id_product, name, price, oldprice, url, isview, description, create_date, last_update) VALUES
(108, 'Style 31-19 короткое', 3800, 3800, '243', 0, '<p>Пышное платье с коротким рукавом</p>', '2015-05-19 19:34:57', '2015-06-13 10:32:54');
INSERT INTO moykiv_newcfashion.Products(id_product, name, price, oldprice, url, isview, description, create_date, last_update) VALUES
(123, 'Style 32-36', 4200, 4200, '243', 0, '<p>элегантное платье из атласа и гипюра, отлично подойдет как на юбилей так и на свадьбу</p>', '2015-06-29 15:02:56', '2015-07-03 10:49:02');
INSERT INTO moykiv_newcfashion.Products(id_product, name, price, oldprice, url, isview, description, create_date, last_update) VALUES
(124, 'Style 30-26', 7200, 7200, '243', 0, '<p>Утонченное платье для девушек, предпочитающих лаконичность. Модель выполенна из короткого атласного платья и длинного из гипюра, украшенного стеклярусом.</p>', '2015-06-29 15:06:31', '2015-07-01 15:52:33');
INSERT INTO moykiv_newcfashion.Products(id_product, name, price, oldprice, url, isview, description, create_date, last_update) VALUES
(125, 'Style 27-68', 4200, 4200, '243', 0, '<p>Кокетливое платье из шифона, верх выплнен из атласа в технике выжег</p>', '2015-07-03 10:32:52', '2015-07-03 10:34:40');

INSERT INTO moykiv_newcfashion.Products_Template(id_prod_temp, id_product, id_color, id_size) VALUES
(340, 96, 3, 15);
INSERT INTO moykiv_newcfashion.Products_Template(id_prod_temp, id_product, id_color, id_size) VALUES
(305, 2, 17, 3);
INSERT INTO moykiv_newcfashion.Products_Template(id_prod_temp, id_product, id_color, id_size) VALUES
(276, 98, 2, 7);
INSERT INTO moykiv_newcfashion.Products_Template(id_prod_temp, id_product, id_color, id_size) VALUES
(263, 4, 2, 4);
INSERT INTO moykiv_newcfashion.Products_Template(id_prod_temp, id_product, id_color, id_size) VALUES
(5, 4, 2, 3);
INSERT INTO moykiv_newcfashion.Products_Template(id_prod_temp, id_product, id_color, id_size) VALUES
(317, 108, 15, 3);
INSERT INTO moykiv_newcfashion.Products_Template(id_prod_temp, id_product, id_color, id_size) VALUES
(400, 5, 9, 3);
INSERT INTO moykiv_newcfashion.Products_Template(id_prod_temp, id_product, id_color, id_size) VALUES
(8, 5, 11, 4);
INSERT INTO moykiv_newcfashion.Products_Template(id_prod_temp, id_product, id_color, id_size) VALUES
(333, 112, 2, 1);
INSERT INTO moykiv_newcfashion.Products_Template(id_prod_temp, id_product, id_color, id_size) VALUES
(398, 5, 18, 4);
INSERT INTO moykiv_newcfashion.Products_Template(id_prod_temp, id_product, id_color, id_size) VALUES
(14, 6, 11, 4);
INSERT INTO moykiv_newcfashion.Products_Template(id_prod_temp, id_product, id_color, id_size) VALUES
(15, 6, 2, 4);
INSERT INTO moykiv_newcfashion.Products_Template(id_prod_temp, id_product, id_color, id_size) VALUES
(16, 6, 8, 4);
INSERT INTO moykiv_newcfashion.Products_Template(id_prod_temp, id_product, id_color, id_size) VALUES
(17, 3, 1, 1);
INSERT INTO moykiv_newcfashion.Products_Template(id_prod_temp, id_product, id_color, id_size) VALUES
(18, 3, 1, 3);
INSERT INTO moykiv_newcfashion.Products_Template(id_prod_temp, id_product, id_color, id_size) VALUES
(326, 7, 2, 4);
INSERT INTO moykiv_newcfashion.Products_Template(id_prod_temp, id_product, id_color, id_size) VALUES
(325, 7, 2, 3);
INSERT INTO moykiv_newcfashion.Products_Template(id_prod_temp, id_product, id_color, id_size) VALUES
(259, 8, 11, 4);
INSERT INTO moykiv_newcfashion.Products_Template(id_prod_temp, id_product, id_color, id_size) VALUES
(22, 8, 11, 3);
INSERT INTO moykiv_newcfashion.Products_Template(id_prod_temp, id_product, id_color, id_size) VALUES
(260, 20, 5, 3);
INSERT INTO moykiv_newcfashion.Products_Template(id_prod_temp, id_product, id_color, id_size) VALUES
(24, 9, 11, 1);
INSERT INTO moykiv_newcfashion.Products_Template(id_prod_temp, id_product, id_color, id_size) VALUES
(25, 9, 11, 3);
INSERT INTO moykiv_newcfashion.Products_Template(id_prod_temp, id_product, id_color, id_size) VALUES
(26, 9, 11, 4);
INSERT INTO moykiv_newcfashion.Products_Template(id_prod_temp, id_product, id_color, id_size) VALUES
(27, 10, 2, 6);
INSERT INTO moykiv_newcfashion.Products_Template(id_prod_temp, id_product, id_color, id_size) VALUES
(28, 10, 2, 7);
INSERT INTO moykiv_newcfashion.Products_Template(id_prod_temp, id_product, id_color, id_size) VALUES
(29, 10, 2, 8);
INSERT INTO moykiv_newcfashion.Products_Template(id_prod_temp, id_product, id_color, id_size) VALUES
(246, 94, 3, 3);
INSERT INTO moykiv_newcfashion.Products_Template(id_prod_temp, id_product, id_color, id_size) VALUES
(247, 94, 3, 4);
INSERT INTO moykiv_newcfashion.Products_Template(id_prod_temp, id_product, id_color, id_size) VALUES
(32, 11, 5, 4);
INSERT INTO moykiv_newcfashion.Products_Template(id_prod_temp, id_product, id_color, id_size) VALUES
(33, 12, 3, 4);
INSERT INTO moykiv_newcfashion.Products_Template(id_prod_temp, id_product, id_color, id_size) VALUES
(347, 47, 3, 4);
INSERT INTO moykiv_newcfashion.Products_Template(id_prod_temp, id_product, id_color, id_size) VALUES
(348, 12, 3, 5);
INSERT INTO moykiv_newcfashion.Products_Template(id_prod_temp, id_product, id_color, id_size) VALUES
(36, 13, 5, 5);
INSERT INTO moykiv_newcfashion.Products_Template(id_prod_temp, id_product, id_color, id_size) VALUES
(239, 91, 2, 5);
INSERT INTO moykiv_newcfashion.Products_Template(id_prod_temp, id_product, id_color, id_size) VALUES
(38, 14, 2, 4);
INSERT INTO moykiv_newcfashion.Products_Template(id_prod_temp, id_product, id_color, id_size) VALUES
(275, 98, 2, 6);
INSERT INTO moykiv_newcfashion.Products_Template(id_prod_temp, id_product, id_color, id_size) VALUES
(376, 111, 3, 3);
INSERT INTO moykiv_newcfashion.Products_Template(id_prod_temp, id_product, id_color, id_size) VALUES
(328, 110, 2, 3);
INSERT INTO moykiv_newcfashion.Products_Template(id_prod_temp, id_product, id_color, id_size) VALUES
(334, 112, 2, 3);
INSERT INTO moykiv_newcfashion.Products_Template(id_prod_temp, id_product, id_color, id_size) VALUES
(183, 15, 3, 1);
INSERT INTO moykiv_newcfashion.Products_Template(id_prod_temp, id_product, id_color, id_size) VALUES
(281, 100, 13, 3);
INSERT INTO moykiv_newcfashion.Products_Template(id_prod_temp, id_product, id_color, id_size) VALUES
(329, 109, 2, 1);
INSERT INTO moykiv_newcfashion.Products_Template(id_prod_temp, id_product, id_color, id_size) VALUES
(46, 17, 3, 8);
INSERT INTO moykiv_newcfashion.Products_Template(id_prod_temp, id_product, id_color, id_size) VALUES
(47, 18, 2, 5);
INSERT INTO moykiv_newcfashion.Products_Template(id_prod_temp, id_product, id_color, id_size) VALUES
(48, 18, 2, 6);
INSERT INTO moykiv_newcfashion.Products_Template(id_prod_temp, id_product, id_color, id_size) VALUES
(238, 19, 5, 10);
INSERT INTO moykiv_newcfashion.Products_Template(id_prod_temp, id_product, id_color, id_size) VALUES
(237, 19, 5, 9);
INSERT INTO moykiv_newcfashion.Products_Template(id_prod_temp, id_product, id_color, id_size) VALUES
(51, 20, 4, 1);
INSERT INTO moykiv_newcfashion.Products_Template(id_prod_temp, id_product, id_color, id_size) VALUES
(52, 20, 4, 3);
INSERT INTO moykiv_newcfashion.Products_Template(id_prod_temp, id_product, id_color, id_size) VALUES
(230, 21, 5, 7);
INSERT INTO moykiv_newcfashion.Products_Template(id_prod_temp, id_product, id_color, id_size) VALUES
(54, 22, 3, 1);
INSERT INTO moykiv_newcfashion.Products_Template(id_prod_temp, id_product, id_color, id_size) VALUES
(345, 76, 15, 15);
INSERT INTO moykiv_newcfashion.Products_Template(id_prod_temp, id_product, id_color, id_size) VALUES
(319, 109, 3, 4);
INSERT INTO moykiv_newcfashion.Products_Template(id_prod_temp, id_product, id_color, id_size) VALUES
(57, 23, 2, 1);
INSERT INTO moykiv_newcfashion.Products_Template(id_prod_temp, id_product, id_color, id_size) VALUES
(58, 23, 2, 3);
INSERT INTO moykiv_newcfashion.Products_Template(id_prod_temp, id_product, id_color, id_size) VALUES
(59, 23, 2, 4);
INSERT INTO moykiv_newcfashion.Products_Template(id_prod_temp, id_product, id_color, id_size) VALUES
(60, 23, 2, 5);
INSERT INTO moykiv_newcfashion.Products_Template(id_prod_temp, id_product, id_color, id_size) VALUES
(61, 23, 3, 1);
INSERT INTO moykiv_newcfashion.Products_Template(id_prod_temp, id_product, id_color, id_size) VALUES
(62, 23, 3, 3);
INSERT INTO moykiv_newcfashion.Products_Template(id_prod_temp, id_product, id_color, id_size) VALUES
(63, 23, 3, 4);
INSERT INTO moykiv_newcfashion.Products_Template(id_prod_temp, id_product, id_color, id_size) VALUES
(64, 23, 3, 5);
INSERT INTO moykiv_newcfashion.Products_Template(id_prod_temp, id_product, id_color, id_size) VALUES
(65, 23, 9, 1);
INSERT INTO moykiv_newcfashion.Products_Template(id_prod_temp, id_product, id_color, id_size) VALUES
(66, 23, 9, 3);
INSERT INTO moykiv_newcfashion.Products_Template(id_prod_temp, id_product, id_color, id_size) VALUES
(67, 23, 9, 4);
INSERT INTO moykiv_newcfashion.Products_Template(id_prod_temp, id_product, id_color, id_size) VALUES
(68, 23, 9, 5);
INSERT INTO moykiv_newcfashion.Products_Template(id_prod_temp, id_product, id_color, id_size) VALUES
(69, 24, 1, 3);
INSERT INTO moykiv_newcfashion.Products_Template(id_prod_temp, id_product, id_color, id_size) VALUES
(70, 24, 1, 4);
INSERT INTO moykiv_newcfashion.Products_Template(id_prod_temp, id_product, id_color, id_size) VALUES
(71, 24, 1, 5);
INSERT INTO moykiv_newcfashion.Products_Template(id_prod_temp, id_product, id_color, id_size) VALUES
(72, 25, 1, 5);
INSERT INTO moykiv_newcfashion.Products_Template(id_prod_temp, id_product, id_color, id_size) VALUES
(371, 116, 6, 8);
INSERT INTO moykiv_newcfashion.Products_Template(id_prod_temp, id_product, id_color, id_size) VALUES
(74, 26, 1, 8);
INSERT INTO moykiv_newcfashion.Products_Template(id_prod_temp, id_product, id_color, id_size) VALUES
(75, 27, 10, 4);
INSERT INTO moykiv_newcfashion.Products_Template(id_prod_temp, id_product, id_color, id_size) VALUES
(76, 27, 10, 5);
INSERT INTO moykiv_newcfashion.Products_Template(id_prod_temp, id_product, id_color, id_size) VALUES
(77, 28, 13, 4);
INSERT INTO moykiv_newcfashion.Products_Template(id_prod_temp, id_product, id_color, id_size) VALUES
(78, 29, 3, 3);
INSERT INTO moykiv_newcfashion.Products_Template(id_prod_temp, id_product, id_color, id_size) VALUES
(79, 29, 3, 5);
INSERT INTO moykiv_newcfashion.Products_Template(id_prod_temp, id_product, id_color, id_size) VALUES
(335, 112, 2, 4);
INSERT INTO moykiv_newcfashion.Products_Template(id_prod_temp, id_product, id_color, id_size) VALUES
(81, 30, 4, 4);
INSERT INTO moykiv_newcfashion.Products_Template(id_prod_temp, id_product, id_color, id_size) VALUES
(82, 31, 3, 8);
INSERT INTO moykiv_newcfashion.Products_Template(id_prod_temp, id_product, id_color, id_size) VALUES
(385, 121, 2, 1);
INSERT INTO moykiv_newcfashion.Products_Template(id_prod_temp, id_product, id_color, id_size) VALUES
(84, 32, 4, 7);
INSERT INTO moykiv_newcfashion.Products_Template(id_prod_temp, id_product, id_color, id_size) VALUES
(85, 32, 4, 8);
INSERT INTO moykiv_newcfashion.Products_Template(id_prod_temp, id_product, id_color, id_size) VALUES
(86, 33, 6, 3);
INSERT INTO moykiv_newcfashion.Products_Template(id_prod_temp, id_product, id_color, id_size) VALUES
(87, 33, 6, 4);
INSERT INTO moykiv_newcfashion.Products_Template(id_prod_temp, id_product, id_color, id_size) VALUES
(88, 33, 6, 5);
INSERT INTO moykiv_newcfashion.Products_Template(id_prod_temp, id_product, id_color, id_size) VALUES
(314, 34, 2, 5);
INSERT INTO moykiv_newcfashion.Products_Template(id_prod_temp, id_product, id_color, id_size) VALUES
(352, 114, 18, 3);
INSERT INTO moykiv_newcfashion.Products_Template(id_prod_temp, id_product, id_color, id_size) VALUES
(304, 2, 17, 15);
INSERT INTO moykiv_newcfashion.Products_Template(id_prod_temp, id_product, id_color, id_size) VALUES
(92, 35, 2, 3);
INSERT INTO moykiv_newcfashion.Products_Template(id_prod_temp, id_product, id_color, id_size) VALUES
(93, 35, 2, 5);
INSERT INTO moykiv_newcfashion.Products_Template(id_prod_temp, id_product, id_color, id_size) VALUES
(94, 36, 2, 3);
INSERT INTO moykiv_newcfashion.Products_Template(id_prod_temp, id_product, id_color, id_size) VALUES
(95, 36, 2, 4);
INSERT INTO moykiv_newcfashion.Products_Template(id_prod_temp, id_product, id_color, id_size) VALUES
(372, 117, 1, 4);
INSERT INTO moykiv_newcfashion.Products_Template(id_prod_temp, id_product, id_color, id_size) VALUES
(97, 37, 2, 1);
INSERT INTO moykiv_newcfashion.Products_Template(id_prod_temp, id_product, id_color, id_size) VALUES
(98, 37, 2, 3);
INSERT INTO moykiv_newcfashion.Products_Template(id_prod_temp, id_product, id_color, id_size) VALUES
(99, 37, 2, 4);
INSERT INTO moykiv_newcfashion.Products_Template(id_prod_temp, id_product, id_color, id_size) VALUES
(368, 38, 3, 3);
INSERT INTO moykiv_newcfashion.Products_Template(id_prod_temp, id_product, id_color, id_size) VALUES
(101, 38, 3, 5);
INSERT INTO moykiv_newcfashion.Products_Template(id_prod_temp, id_product, id_color, id_size) VALUES
(102, 39, 7, 3);
INSERT INTO moykiv_newcfashion.Products_Template(id_prod_temp, id_product, id_color, id_size) VALUES
(103, 39, 7, 4);
INSERT INTO moykiv_newcfashion.Products_Template(id_prod_temp, id_product, id_color, id_size) VALUES
(104, 39, 7, 5);
INSERT INTO moykiv_newcfashion.Products_Template(id_prod_temp, id_product, id_color, id_size) VALUES
(380, 120, 2, 7);
INSERT INTO moykiv_newcfashion.Products_Template(id_prod_temp, id_product, id_color, id_size) VALUES
(378, 40, 4, 4);
INSERT INTO moykiv_newcfashion.Products_Template(id_prod_temp, id_product, id_color, id_size) VALUES
(379, 120, 2, 6);
INSERT INTO moykiv_newcfashion.Products_Template(id_prod_temp, id_product, id_color, id_size) VALUES
(108, 40, 4, 5);
INSERT INTO moykiv_newcfashion.Products_Template(id_prod_temp, id_product, id_color, id_size) VALUES
(164, 57, 1, 4);
INSERT INTO moykiv_newcfashion.Products_Template(id_prod_temp, id_product, id_color, id_size) VALUES
(110, 41, 3, 3);
INSERT INTO moykiv_newcfashion.Products_Template(id_prod_temp, id_product, id_color, id_size) VALUES
(332, 111, 2, 4);
INSERT INTO moykiv_newcfashion.Products_Template(id_prod_temp, id_product, id_color, id_size) VALUES
(344, 82, 10, 4);
INSERT INTO moykiv_newcfashion.Products_Template(id_prod_temp, id_product, id_color, id_size) VALUES
(377, 111, 3, 4);
INSERT INTO moykiv_newcfashion.Products_Template(id_prod_temp, id_product, id_color, id_size) VALUES
(114, 41, 5, 3);
INSERT INTO moykiv_newcfashion.Products_Template(id_prod_temp, id_product, id_color, id_size) VALUES
(115, 41, 5, 4);
INSERT INTO moykiv_newcfashion.Products_Template(id_prod_temp, id_product, id_color, id_size) VALUES
(117, 42, 1, 8);
INSERT INTO moykiv_newcfashion.Products_Template(id_prod_temp, id_product, id_color, id_size) VALUES
(118, 42, 1, 7);
INSERT INTO moykiv_newcfashion.Products_Template(id_prod_temp, id_product, id_color, id_size) VALUES
(119, 42, 1, 9);
INSERT INTO moykiv_newcfashion.Products_Template(id_prod_temp, id_product, id_color, id_size) VALUES
(120, 43, 4, 6);
INSERT INTO moykiv_newcfashion.Products_Template(id_prod_temp, id_product, id_color, id_size) VALUES
(121, 43, 4, 7);
INSERT INTO moykiv_newcfashion.Products_Template(id_prod_temp, id_product, id_color, id_size) VALUES
(122, 43, 4, 8);
INSERT INTO moykiv_newcfashion.Products_Template(id_prod_temp, id_product, id_color, id_size) VALUES
(123, 43, 2, 6);
INSERT INTO moykiv_newcfashion.Products_Template(id_prod_temp, id_product, id_color, id_size) VALUES
(124, 43, 2, 7);
INSERT INTO moykiv_newcfashion.Products_Template(id_prod_temp, id_product, id_color, id_size) VALUES
(125, 43, 2, 8);
INSERT INTO moykiv_newcfashion.Products_Template(id_prod_temp, id_product, id_color, id_size) VALUES
(126, 44, 13, 4);
INSERT INTO moykiv_newcfashion.Products_Template(id_prod_temp, id_product, id_color, id_size) VALUES
(127, 44, 13, 5);
INSERT INTO moykiv_newcfashion.Products_Template(id_prod_temp, id_product, id_color, id_size) VALUES
(128, 45, 13, 1);
INSERT INTO moykiv_newcfashion.Products_Template(id_prod_temp, id_product, id_color, id_size) VALUES
(129, 45, 13, 3);
INSERT INTO moykiv_newcfashion.Products_Template(id_prod_temp, id_product, id_color, id_size) VALUES
(130, 45, 13, 4);
INSERT INTO moykiv_newcfashion.Products_Template(id_prod_temp, id_product, id_color, id_size) VALUES
(131, 46, 2, 5);
INSERT INTO moykiv_newcfashion.Products_Template(id_prod_temp, id_product, id_color, id_size) VALUES
(132, 46, 2, 6);
INSERT INTO moykiv_newcfashion.Products_Template(id_prod_temp, id_product, id_color, id_size) VALUES
(133, 46, 2, 7);
INSERT INTO moykiv_newcfashion.Products_Template(id_prod_temp, id_product, id_color, id_size) VALUES
(346, 47, 3, 1);
INSERT INTO moykiv_newcfashion.Products_Template(id_prod_temp, id_product, id_color, id_size) VALUES
(135, 48, 2, 3);
INSERT INTO moykiv_newcfashion.Products_Template(id_prod_temp, id_product, id_color, id_size) VALUES
(180, 73, 6, 9);
INSERT INTO moykiv_newcfashion.Products_Template(id_prod_temp, id_product, id_color, id_size) VALUES
(341, 96, 3, 3);
INSERT INTO moykiv_newcfashion.Products_Template(id_prod_temp, id_product, id_color, id_size) VALUES
(138, 49, 11, 5);
INSERT INTO moykiv_newcfashion.Products_Template(id_prod_temp, id_product, id_color, id_size) VALUES
(139, 50, 2, 1);
INSERT INTO moykiv_newcfashion.Products_Template(id_prod_temp, id_product, id_color, id_size) VALUES
(140, 50, 2, 3);
INSERT INTO moykiv_newcfashion.Products_Template(id_prod_temp, id_product, id_color, id_size) VALUES
(141, 50, 2, 4);
INSERT INTO moykiv_newcfashion.Products_Template(id_prod_temp, id_product, id_color, id_size) VALUES
(142, 50, 2, 5);
INSERT INTO moykiv_newcfashion.Products_Template(id_prod_temp, id_product, id_color, id_size) VALUES
(143, 51, 2, 1);
INSERT INTO moykiv_newcfashion.Products_Template(id_prod_temp, id_product, id_color, id_size) VALUES
(144, 51, 2, 3);
INSERT INTO moykiv_newcfashion.Products_Template(id_prod_temp, id_product, id_color, id_size) VALUES
(178, 63, 4, 3);
INSERT INTO moykiv_newcfashion.Products_Template(id_prod_temp, id_product, id_color, id_size) VALUES
(146, 52, 3, 7);
INSERT INTO moykiv_newcfashion.Products_Template(id_prod_temp, id_product, id_color, id_size) VALUES
(147, 52, 3, 8);
INSERT INTO moykiv_newcfashion.Products_Template(id_prod_temp, id_product, id_color, id_size) VALUES
(280, 100, 13, 1);
INSERT INTO moykiv_newcfashion.Products_Template(id_prod_temp, id_product, id_color, id_size) VALUES
(149, 53, 3, 5);
INSERT INTO moykiv_newcfashion.Products_Template(id_prod_temp, id_product, id_color, id_size) VALUES
(150, 53, 3, 6);
INSERT INTO moykiv_newcfashion.Products_Template(id_prod_temp, id_product, id_color, id_size) VALUES
(151, 53, 3, 7);
INSERT INTO moykiv_newcfashion.Products_Template(id_prod_temp, id_product, id_color, id_size) VALUES
(152, 54, 2, 9);
INSERT INTO moykiv_newcfashion.Products_Template(id_prod_temp, id_product, id_color, id_size) VALUES
(156, 55, 4, 3);
INSERT INTO moykiv_newcfashion.Products_Template(id_prod_temp, id_product, id_color, id_size) VALUES
(155, 55, 4, 1);
INSERT INTO moykiv_newcfashion.Products_Template(id_prod_temp, id_product, id_color, id_size) VALUES
(157, 55, 4, 4);
INSERT INTO moykiv_newcfashion.Products_Template(id_prod_temp, id_product, id_color, id_size) VALUES
(158, 56, 4, 1);
INSERT INTO moykiv_newcfashion.Products_Template(id_prod_temp, id_product, id_color, id_size) VALUES
(159, 56, 4, 3);
INSERT INTO moykiv_newcfashion.Products_Template(id_prod_temp, id_product, id_color, id_size) VALUES
(160, 56, 4, 4);
INSERT INTO moykiv_newcfashion.Products_Template(id_prod_temp, id_product, id_color, id_size) VALUES
(320, 109, 3, 5);
INSERT INTO moykiv_newcfashion.Products_Template(id_prod_temp, id_product, id_color, id_size) VALUES
(330, 111, 2, 1);
INSERT INTO moykiv_newcfashion.Products_Template(id_prod_temp, id_product, id_color, id_size) VALUES
(331, 111, 2, 3);
INSERT INTO moykiv_newcfashion.Products_Template(id_prod_temp, id_product, id_color, id_size) VALUES
(165, 57, 1, 5);
INSERT INTO moykiv_newcfashion.Products_Template(id_prod_temp, id_product, id_color, id_size) VALUES
(166, 57, 1, 6);
INSERT INTO moykiv_newcfashion.Products_Template(id_prod_temp, id_product, id_color, id_size) VALUES
(186, 74, 6, 9);
INSERT INTO moykiv_newcfashion.Products_Template(id_prod_temp, id_product, id_color, id_size) VALUES
(168, 58, 1, 5);
INSERT INTO moykiv_newcfashion.Products_Template(id_prod_temp, id_product, id_color, id_size) VALUES
(169, 58, 3, 5);
INSERT INTO moykiv_newcfashion.Products_Template(id_prod_temp, id_product, id_color, id_size) VALUES
(170, 58, 3, 3);
INSERT INTO moykiv_newcfashion.Products_Template(id_prod_temp, id_product, id_color, id_size) VALUES
(171, 59, 4, 5);
INSERT INTO moykiv_newcfashion.Products_Template(id_prod_temp, id_product, id_color, id_size) VALUES
(172, 60, 2, 3);
INSERT INTO moykiv_newcfashion.Products_Template(id_prod_temp, id_product, id_color, id_size) VALUES
(173, 60, 2, 4);
INSERT INTO moykiv_newcfashion.Products_Template(id_prod_temp, id_product, id_color, id_size) VALUES
(174, 60, 2, 5);
INSERT INTO moykiv_newcfashion.Products_Template(id_prod_temp, id_product, id_color, id_size) VALUES
(175, 61, 2, 8);
INSERT INTO moykiv_newcfashion.Products_Template(id_prod_temp, id_product, id_color, id_size) VALUES
(176, 62, 11, 3);
INSERT INTO moykiv_newcfashion.Products_Template(id_prod_temp, id_product, id_color, id_size) VALUES
(177, 62, 11, 5);
INSERT INTO moykiv_newcfashion.Products_Template(id_prod_temp, id_product, id_color, id_size) VALUES
(179, 63, 4, 4);
INSERT INTO moykiv_newcfashion.Products_Template(id_prod_temp, id_product, id_color, id_size) VALUES
(181, 73, 6, 10);
INSERT INTO moykiv_newcfashion.Products_Template(id_prod_temp, id_product, id_color, id_size) VALUES
(184, 15, 3, 3);
INSERT INTO moykiv_newcfashion.Products_Template(id_prod_temp, id_product, id_color, id_size) VALUES
(185, 15, 3, 4);
INSERT INTO moykiv_newcfashion.Products_Template(id_prod_temp, id_product, id_color, id_size) VALUES
(187, 74, 3, 6);
INSERT INTO moykiv_newcfashion.Products_Template(id_prod_temp, id_product, id_color, id_size) VALUES
(188, 74, 3, 7);
INSERT INTO moykiv_newcfashion.Products_Template(id_prod_temp, id_product, id_color, id_size) VALUES
(366, 2, 2, 3);
INSERT INTO moykiv_newcfashion.Products_Template(id_prod_temp, id_product, id_color, id_size) VALUES
(367, 85, 10, 5);
INSERT INTO moykiv_newcfashion.Products_Template(id_prod_temp, id_product, id_color, id_size) VALUES
(191, 75, 11, 3);
INSERT INTO moykiv_newcfashion.Products_Template(id_prod_temp, id_product, id_color, id_size) VALUES
(355, 115, 18, 3);
INSERT INTO moykiv_newcfashion.Products_Template(id_prod_temp, id_product, id_color, id_size) VALUES
(284, 76, 10, 3);
INSERT INTO moykiv_newcfashion.Products_Template(id_prod_temp, id_product, id_color, id_size) VALUES
(197, 77, 3, 11);
INSERT INTO moykiv_newcfashion.Products_Template(id_prod_temp, id_product, id_color, id_size) VALUES
(198, 81, 3, 11);
INSERT INTO moykiv_newcfashion.Products_Template(id_prod_temp, id_product, id_color, id_size) VALUES
(307, 105, 17, 4);
INSERT INTO moykiv_newcfashion.Products_Template(id_prod_temp, id_product, id_color, id_size) VALUES
(342, 82, 10, 1);
INSERT INTO moykiv_newcfashion.Products_Template(id_prod_temp, id_product, id_color, id_size) VALUES
(351, 114, 18, 1);
INSERT INTO moykiv_newcfashion.Products_Template(id_prod_temp, id_product, id_color, id_size) VALUES
(375, 111, 3, 1);
INSERT INTO moykiv_newcfashion.Products_Template(id_prod_temp, id_product, id_color, id_size) VALUES
(301, 99, 15, 3);
INSERT INTO moykiv_newcfashion.Products_Template(id_prod_temp, id_product, id_color, id_size) VALUES
(204, 83, 2, 4);
INSERT INTO moykiv_newcfashion.Products_Template(id_prod_temp, id_product, id_color, id_size) VALUES
(308, 106, 10, 3);
INSERT INTO moykiv_newcfashion.Products_Template(id_prod_temp, id_product, id_color, id_size) VALUES
(207, 84, 3, 6);
INSERT INTO moykiv_newcfashion.Products_Template(id_prod_temp, id_product, id_color, id_size) VALUES
(208, 84, 3, 8);
INSERT INTO moykiv_newcfashion.Products_Template(id_prod_temp, id_product, id_color, id_size) VALUES
(370, 116, 6, 7);
INSERT INTO moykiv_newcfashion.Products_Template(id_prod_temp, id_product, id_color, id_size) VALUES
(324, 76, 2, 1);
INSERT INTO moykiv_newcfashion.Products_Template(id_prod_temp, id_product, id_color, id_size) VALUES
(214, 85, 10, 6);
INSERT INTO moykiv_newcfashion.Products_Template(id_prod_temp, id_product, id_color, id_size) VALUES
(218, 54, 2, 7);
INSERT INTO moykiv_newcfashion.Products_Template(id_prod_temp, id_product, id_color, id_size) VALUES
(219, 54, 4, 6);
INSERT INTO moykiv_newcfashion.Products_Template(id_prod_temp, id_product, id_color, id_size) VALUES
(313, 107, 2, 1);
INSERT INTO moykiv_newcfashion.Products_Template(id_prod_temp, id_product, id_color, id_size) VALUES
(296, 54, 4, 8);
INSERT INTO moykiv_newcfashion.Products_Template(id_prod_temp, id_product, id_color, id_size) VALUES
(222, 54, 4, 9);
INSERT INTO moykiv_newcfashion.Products_Template(id_prod_temp, id_product, id_color, id_size) VALUES
(223, 86, 2, 7);
INSERT INTO moykiv_newcfashion.Products_Template(id_prod_temp, id_product, id_color, id_size) VALUES
(224, 86, 2, 8);
INSERT INTO moykiv_newcfashion.Products_Template(id_prod_temp, id_product, id_color, id_size) VALUES
(225, 87, 1, 3);
INSERT INTO moykiv_newcfashion.Products_Template(id_prod_temp, id_product, id_color, id_size) VALUES
(226, 88, 2, 1);
INSERT INTO moykiv_newcfashion.Products_Template(id_prod_temp, id_product, id_color, id_size) VALUES
(227, 88, 2, 3);
INSERT INTO moykiv_newcfashion.Products_Template(id_prod_temp, id_product, id_color, id_size) VALUES
(228, 89, 2, 3);
INSERT INTO moykiv_newcfashion.Products_Template(id_prod_temp, id_product, id_color, id_size) VALUES
(229, 89, 2, 5);
INSERT INTO moykiv_newcfashion.Products_Template(id_prod_temp, id_product, id_color, id_size) VALUES
(231, 21, 5, 8);
INSERT INTO moykiv_newcfashion.Products_Template(id_prod_temp, id_product, id_color, id_size) VALUES
(232, 21, 5, 9);
INSERT INTO moykiv_newcfashion.Products_Template(id_prod_temp, id_product, id_color, id_size) VALUES
(369, 90, 3, 4);
INSERT INTO moykiv_newcfashion.Products_Template(id_prod_temp, id_product, id_color, id_size) VALUES
(374, 119, 6, 3);
INSERT INTO moykiv_newcfashion.Products_Template(id_prod_temp, id_product, id_color, id_size) VALUES
(235, 90, 2, 4);
INSERT INTO moykiv_newcfashion.Products_Template(id_prod_temp, id_product, id_color, id_size) VALUES
(384, 120, 3, 8);
INSERT INTO moykiv_newcfashion.Products_Template(id_prod_temp, id_product, id_color, id_size) VALUES
(309, 106, 10, 4);
INSERT INTO moykiv_newcfashion.Products_Template(id_prod_temp, id_product, id_color, id_size) VALUES
(321, 92, 18, 15);
INSERT INTO moykiv_newcfashion.Products_Template(id_prod_temp, id_product, id_color, id_size) VALUES
(310, 106, 10, 5);
INSERT INTO moykiv_newcfashion.Products_Template(id_prod_temp, id_product, id_color, id_size) VALUES
(316, 108, 15, 1);
INSERT INTO moykiv_newcfashion.Products_Template(id_prod_temp, id_product, id_color, id_size) VALUES
(248, 95, 2, 1);
INSERT INTO moykiv_newcfashion.Products_Template(id_prod_temp, id_product, id_color, id_size) VALUES
(262, 20, 4, 4);
INSERT INTO moykiv_newcfashion.Products_Template(id_prod_temp, id_product, id_color, id_size) VALUES
(350, 113, 2, 1);
INSERT INTO moykiv_newcfashion.Products_Template(id_prod_temp, id_product, id_color, id_size) VALUES
(252, 96, 2, 1);
INSERT INTO moykiv_newcfashion.Products_Template(id_prod_temp, id_product, id_color, id_size) VALUES
(363, 96, 2, 15);
INSERT INTO moykiv_newcfashion.Products_Template(id_prod_temp, id_product, id_color, id_size) VALUES
(315, 107, 2, 3);
INSERT INTO moykiv_newcfashion.Products_Template(id_prod_temp, id_product, id_color, id_size) VALUES
(339, 96, 3, 1);
INSERT INTO moykiv_newcfashion.Products_Template(id_prod_temp, id_product, id_color, id_size) VALUES
(381, 120, 2, 8);
INSERT INTO moykiv_newcfashion.Products_Template(id_prod_temp, id_product, id_color, id_size) VALUES
(265, 16, 3, 4);
INSERT INTO moykiv_newcfashion.Products_Template(id_prod_temp, id_product, id_color, id_size) VALUES
(383, 120, 3, 7);
INSERT INTO moykiv_newcfashion.Products_Template(id_prod_temp, id_product, id_color, id_size) VALUES
(267, 97, 4, 3);
INSERT INTO moykiv_newcfashion.Products_Template(id_prod_temp, id_product, id_color, id_size) VALUES
(268, 14, 10, 1);
INSERT INTO moykiv_newcfashion.Products_Template(id_prod_temp, id_product, id_color, id_size) VALUES
(269, 14, 10, 3);
INSERT INTO moykiv_newcfashion.Products_Template(id_prod_temp, id_product, id_color, id_size) VALUES
(270, 14, 10, 4);
INSERT INTO moykiv_newcfashion.Products_Template(id_prod_temp, id_product, id_color, id_size) VALUES
(271, 14, 10, 5);
INSERT INTO moykiv_newcfashion.Products_Template(id_prod_temp, id_product, id_color, id_size) VALUES
(272, 10, 3, 6);
INSERT INTO moykiv_newcfashion.Products_Template(id_prod_temp, id_product, id_color, id_size) VALUES
(273, 10, 3, 7);
INSERT INTO moykiv_newcfashion.Products_Template(id_prod_temp, id_product, id_color, id_size) VALUES
(274, 10, 3, 8);
INSERT INTO moykiv_newcfashion.Products_Template(id_prod_temp, id_product, id_color, id_size) VALUES
(282, 100, 13, 4);
INSERT INTO moykiv_newcfashion.Products_Template(id_prod_temp, id_product, id_color, id_size) VALUES
(322, 92, 18, 15);
INSERT INTO moykiv_newcfashion.Products_Template(id_prod_temp, id_product, id_color, id_size) VALUES
(286, 101, 2, 3);
INSERT INTO moykiv_newcfashion.Products_Template(id_prod_temp, id_product, id_color, id_size) VALUES
(287, 101, 2, 4);
INSERT INTO moykiv_newcfashion.Products_Template(id_prod_temp, id_product, id_color, id_size) VALUES
(373, 118, 3, 5);
INSERT INTO moykiv_newcfashion.Products_Template(id_prod_temp, id_product, id_color, id_size) VALUES
(289, 102, 2, 1);
INSERT INTO moykiv_newcfashion.Products_Template(id_prod_temp, id_product, id_color, id_size) VALUES
(353, 114, 18, 4);
INSERT INTO moykiv_newcfashion.Products_Template(id_prod_temp, id_product, id_color, id_size) VALUES
(291, 103, 13, 15);
INSERT INTO moykiv_newcfashion.Products_Template(id_prod_temp, id_product, id_color, id_size) VALUES
(292, 103, 13, 1);
INSERT INTO moykiv_newcfashion.Products_Template(id_prod_temp, id_product, id_color, id_size) VALUES
(293, 103, 13, 3);
INSERT INTO moykiv_newcfashion.Products_Template(id_prod_temp, id_product, id_color, id_size) VALUES
(294, 104, 10, 5);
INSERT INTO moykiv_newcfashion.Products_Template(id_prod_temp, id_product, id_color, id_size) VALUES
(295, 104, 10, 6);
INSERT INTO moykiv_newcfashion.Products_Template(id_prod_temp, id_product, id_color, id_size) VALUES
(362, 108, 15, 15);
INSERT INTO moykiv_newcfashion.Products_Template(id_prod_temp, id_product, id_color, id_size) VALUES
(357, 115, 18, 5);
INSERT INTO moykiv_newcfashion.Products_Template(id_prod_temp, id_product, id_color, id_size) VALUES
(358, 115, 2, 1);
INSERT INTO moykiv_newcfashion.Products_Template(id_prod_temp, id_product, id_color, id_size) VALUES
(359, 115, 2, 3);
INSERT INTO moykiv_newcfashion.Products_Template(id_prod_temp, id_product, id_color, id_size) VALUES
(360, 115, 2, 4);
INSERT INTO moykiv_newcfashion.Products_Template(id_prod_temp, id_product, id_color, id_size) VALUES
(361, 115, 2, 5);
INSERT INTO moykiv_newcfashion.Products_Template(id_prod_temp, id_product, id_color, id_size) VALUES
(386, 121, 2, 5);
INSERT INTO moykiv_newcfashion.Products_Template(id_prod_temp, id_product, id_color, id_size) VALUES
(387, 121, 3, 4);
INSERT INTO moykiv_newcfashion.Products_Template(id_prod_temp, id_product, id_color, id_size) VALUES
(388, 123, 3, 1);
INSERT INTO moykiv_newcfashion.Products_Template(id_prod_temp, id_product, id_color, id_size) VALUES
(389, 123, 3, 3);
INSERT INTO moykiv_newcfashion.Products_Template(id_prod_temp, id_product, id_color, id_size) VALUES
(390, 123, 3, 4);
INSERT INTO moykiv_newcfashion.Products_Template(id_prod_temp, id_product, id_color, id_size) VALUES
(391, 124, 2, 15);
INSERT INTO moykiv_newcfashion.Products_Template(id_prod_temp, id_product, id_color, id_size) VALUES
(392, 124, 2, 1);
INSERT INTO moykiv_newcfashion.Products_Template(id_prod_temp, id_product, id_color, id_size) VALUES
(393, 124, 2, 3);
INSERT INTO moykiv_newcfashion.Products_Template(id_prod_temp, id_product, id_color, id_size) VALUES
(394, 124, 3, 15);
INSERT INTO moykiv_newcfashion.Products_Template(id_prod_temp, id_product, id_color, id_size) VALUES
(395, 124, 3, 1);
INSERT INTO moykiv_newcfashion.Products_Template(id_prod_temp, id_product, id_color, id_size) VALUES
(396, 124, 3, 3);
INSERT INTO moykiv_newcfashion.Products_Template(id_prod_temp, id_product, id_color, id_size) VALUES
(397, 125, 15, 4);
INSERT INTO moykiv_newcfashion.Products_Template(id_prod_temp, id_product, id_color, id_size) VALUES
(399, 5, 18, 5);

INSERT INTO moykiv_newcfashion.Sizes(id_size, size_name) VALUES
(1, '42');
INSERT INTO moykiv_newcfashion.Sizes(id_size, size_name) VALUES
(3, '44');
INSERT INTO moykiv_newcfashion.Sizes(id_size, size_name) VALUES
(4, '46');
INSERT INTO moykiv_newcfashion.Sizes(id_size, size_name) VALUES
(5, '48');
INSERT INTO moykiv_newcfashion.Sizes(id_size, size_name) VALUES
(6, '50');
INSERT INTO moykiv_newcfashion.Sizes(id_size, size_name) VALUES
(7, '52');
INSERT INTO moykiv_newcfashion.Sizes(id_size, size_name) VALUES
(8, '54');
INSERT INTO moykiv_newcfashion.Sizes(id_size, size_name) VALUES
(9, '56');
INSERT INTO moykiv_newcfashion.Sizes(id_size, size_name) VALUES
(10, '58');
INSERT INTO moykiv_newcfashion.Sizes(id_size, size_name) VALUES
(11, '60');
INSERT INTO moykiv_newcfashion.Sizes(id_size, size_name) VALUES
(12, '62');
INSERT INTO moykiv_newcfashion.Sizes(id_size, size_name) VALUES
(13, '64');
INSERT INTO moykiv_newcfashion.Sizes(id_size, size_name) VALUES
(14, '66');
INSERT INTO moykiv_newcfashion.Sizes(id_size, size_name) VALUES
(15, '40');

INSERT INTO moykiv_newcfashion.Sizes_Products(ID, id_size, id_product) VALUES
(7, 1, 2);
INSERT INTO moykiv_newcfashion.Sizes_Products(ID, id_size, id_product) VALUES
(8, 3, 1);
INSERT INTO moykiv_newcfashion.Sizes_Products(ID, id_size, id_product) VALUES
(9, 4, 1);
INSERT INTO moykiv_newcfashion.Sizes_Products(ID, id_size, id_product) VALUES
(10, 5, 1);
INSERT INTO moykiv_newcfashion.Sizes_Products(ID, id_size, id_product) VALUES
(16, 3, 2);
INSERT INTO moykiv_newcfashion.Sizes_Products(ID, id_size, id_product) VALUES
(18, 1, 4);
INSERT INTO moykiv_newcfashion.Sizes_Products(ID, id_size, id_product) VALUES
(19, 3, 4);
INSERT INTO moykiv_newcfashion.Sizes_Products(ID, id_size, id_product) VALUES
(22, 1, 5);
INSERT INTO moykiv_newcfashion.Sizes_Products(ID, id_size, id_product) VALUES
(24, 3, 5);
INSERT INTO moykiv_newcfashion.Sizes_Products(ID, id_size, id_product) VALUES
(25, 4, 5);
INSERT INTO moykiv_newcfashion.Sizes_Products(ID, id_size, id_product) VALUES
(27, 5, 5);
INSERT INTO moykiv_newcfashion.Sizes_Products(ID, id_size, id_product) VALUES
(28, 4, 6);
INSERT INTO moykiv_newcfashion.Sizes_Products(ID, id_size, id_product) VALUES
(29, 1, 3);
INSERT INTO moykiv_newcfashion.Sizes_Products(ID, id_size, id_product) VALUES
(32, 3, 3);
INSERT INTO moykiv_newcfashion.Sizes_Products(ID, id_size, id_product) VALUES
(33, 4, 3);
INSERT INTO moykiv_newcfashion.Sizes_Products(ID, id_size, id_product) VALUES
(34, 4, 2);
INSERT INTO moykiv_newcfashion.Sizes_Products(ID, id_size, id_product) VALUES
(37, 3, 7);
INSERT INTO moykiv_newcfashion.Sizes_Products(ID, id_size, id_product) VALUES
(39, 1, 8);
INSERT INTO moykiv_newcfashion.Sizes_Products(ID, id_size, id_product) VALUES
(40, 3, 8);
INSERT INTO moykiv_newcfashion.Sizes_Products(ID, id_size, id_product) VALUES
(41, 5, 8);
INSERT INTO moykiv_newcfashion.Sizes_Products(ID, id_size, id_product) VALUES
(42, 1, 9);
INSERT INTO moykiv_newcfashion.Sizes_Products(ID, id_size, id_product) VALUES
(44, 3, 9);
INSERT INTO moykiv_newcfashion.Sizes_Products(ID, id_size, id_product) VALUES
(46, 4, 9);
INSERT INTO moykiv_newcfashion.Sizes_Products(ID, id_size, id_product) VALUES
(47, 6, 10);
INSERT INTO moykiv_newcfashion.Sizes_Products(ID, id_size, id_product) VALUES
(48, 7, 10);
INSERT INTO moykiv_newcfashion.Sizes_Products(ID, id_size, id_product) VALUES
(49, 8, 10);
INSERT INTO moykiv_newcfashion.Sizes_Products(ID, id_size, id_product) VALUES
(50, 1, 11);
INSERT INTO moykiv_newcfashion.Sizes_Products(ID, id_size, id_product) VALUES
(51, 3, 11);
INSERT INTO moykiv_newcfashion.Sizes_Products(ID, id_size, id_product) VALUES
(53, 4, 11);
INSERT INTO moykiv_newcfashion.Sizes_Products(ID, id_size, id_product) VALUES
(57, 4, 12);
INSERT INTO moykiv_newcfashion.Sizes_Products(ID, id_size, id_product) VALUES
(60, 3, 13);
INSERT INTO moykiv_newcfashion.Sizes_Products(ID, id_size, id_product) VALUES
(62, 4, 13);
INSERT INTO moykiv_newcfashion.Sizes_Products(ID, id_size, id_product) VALUES
(63, 5, 13);
INSERT INTO moykiv_newcfashion.Sizes_Products(ID, id_size, id_product) VALUES
(65, 3, 14);
INSERT INTO moykiv_newcfashion.Sizes_Products(ID, id_size, id_product) VALUES
(66, 4, 14);
INSERT INTO moykiv_newcfashion.Sizes_Products(ID, id_size, id_product) VALUES
(67, 1, 15);
INSERT INTO moykiv_newcfashion.Sizes_Products(ID, id_size, id_product) VALUES
(72, 4, 16);
INSERT INTO moykiv_newcfashion.Sizes_Products(ID, id_size, id_product) VALUES
(74, 7, 17);
INSERT INTO moykiv_newcfashion.Sizes_Products(ID, id_size, id_product) VALUES
(75, 8, 17);
INSERT INTO moykiv_newcfashion.Sizes_Products(ID, id_size, id_product) VALUES
(78, 5, 18);
INSERT INTO moykiv_newcfashion.Sizes_Products(ID, id_size, id_product) VALUES
(79, 6, 18);
INSERT INTO moykiv_newcfashion.Sizes_Products(ID, id_size, id_product) VALUES
(80, 9, 19);
INSERT INTO moykiv_newcfashion.Sizes_Products(ID, id_size, id_product) VALUES
(81, 10, 19);
INSERT INTO moykiv_newcfashion.Sizes_Products(ID, id_size, id_product) VALUES
(82, 1, 20);
INSERT INTO moykiv_newcfashion.Sizes_Products(ID, id_size, id_product) VALUES
(83, 3, 20);
INSERT INTO moykiv_newcfashion.Sizes_Products(ID, id_size, id_product) VALUES
(87, 9, 21);
INSERT INTO moykiv_newcfashion.Sizes_Products(ID, id_size, id_product) VALUES
(88, 1, 22);
INSERT INTO moykiv_newcfashion.Sizes_Products(ID, id_size, id_product) VALUES
(89, 3, 22);
INSERT INTO moykiv_newcfashion.Sizes_Products(ID, id_size, id_product) VALUES
(91, 1, 23);
INSERT INTO moykiv_newcfashion.Sizes_Products(ID, id_size, id_product) VALUES
(92, 3, 23);
INSERT INTO moykiv_newcfashion.Sizes_Products(ID, id_size, id_product) VALUES
(93, 4, 23);
INSERT INTO moykiv_newcfashion.Sizes_Products(ID, id_size, id_product) VALUES
(94, 5, 23);
INSERT INTO moykiv_newcfashion.Sizes_Products(ID, id_size, id_product) VALUES
(96, 3, 24);
INSERT INTO moykiv_newcfashion.Sizes_Products(ID, id_size, id_product) VALUES
(97, 4, 24);
INSERT INTO moykiv_newcfashion.Sizes_Products(ID, id_size, id_product) VALUES
(98, 5, 24);
INSERT INTO moykiv_newcfashion.Sizes_Products(ID, id_size, id_product) VALUES
(101, 7, 26);
INSERT INTO moykiv_newcfashion.Sizes_Products(ID, id_size, id_product) VALUES
(103, 4, 27);
INSERT INTO moykiv_newcfashion.Sizes_Products(ID, id_size, id_product) VALUES
(104, 4, 28);
INSERT INTO moykiv_newcfashion.Sizes_Products(ID, id_size, id_product) VALUES
(107, 5, 30);
INSERT INTO moykiv_newcfashion.Sizes_Products(ID, id_size, id_product) VALUES
(111, 8, 31);
INSERT INTO moykiv_newcfashion.Sizes_Products(ID, id_size, id_product) VALUES
(112, 6, 32);
INSERT INTO moykiv_newcfashion.Sizes_Products(ID, id_size, id_product) VALUES
(113, 7, 32);
INSERT INTO moykiv_newcfashion.Sizes_Products(ID, id_size, id_product) VALUES
(114, 8, 32);
INSERT INTO moykiv_newcfashion.Sizes_Products(ID, id_size, id_product) VALUES
(116, 3, 33);
INSERT INTO moykiv_newcfashion.Sizes_Products(ID, id_size, id_product) VALUES
(117, 4, 33);
INSERT INTO moykiv_newcfashion.Sizes_Products(ID, id_size, id_product) VALUES
(118, 5, 33);
INSERT INTO moykiv_newcfashion.Sizes_Products(ID, id_size, id_product) VALUES
(119, 1, 34);
INSERT INTO moykiv_newcfashion.Sizes_Products(ID, id_size, id_product) VALUES
(120, 3, 34);
INSERT INTO moykiv_newcfashion.Sizes_Products(ID, id_size, id_product) VALUES
(121, 4, 34);
INSERT INTO moykiv_newcfashion.Sizes_Products(ID, id_size, id_product) VALUES
(123, 3, 35);
INSERT INTO moykiv_newcfashion.Sizes_Products(ID, id_size, id_product) VALUES
(125, 5, 35);
INSERT INTO moykiv_newcfashion.Sizes_Products(ID, id_size, id_product) VALUES
(126, 5, 14);
INSERT INTO moykiv_newcfashion.Sizes_Products(ID, id_size, id_product) VALUES
(127, 5, 22);
INSERT INTO moykiv_newcfashion.Sizes_Products(ID, id_size, id_product) VALUES
(128, 8, 26);
INSERT INTO moykiv_newcfashion.Sizes_Products(ID, id_size, id_product) VALUES
(129, 3, 29);
INSERT INTO moykiv_newcfashion.Sizes_Products(ID, id_size, id_product) VALUES
(130, 5, 29);
INSERT INTO moykiv_newcfashion.Sizes_Products(ID, id_size, id_product) VALUES
(131, 5, 25);
INSERT INTO moykiv_newcfashion.Sizes_Products(ID, id_size, id_product) VALUES
(132, 5, 27);
INSERT INTO moykiv_newcfashion.Sizes_Products(ID, id_size, id_product) VALUES
(133, 4, 30);
INSERT INTO moykiv_newcfashion.Sizes_Products(ID, id_size, id_product) VALUES
(134, 3, 36);
INSERT INTO moykiv_newcfashion.Sizes_Products(ID, id_size, id_product) VALUES
(135, 4, 36);
INSERT INTO moykiv_newcfashion.Sizes_Products(ID, id_size, id_product) VALUES
(136, 5, 36);
INSERT INTO moykiv_newcfashion.Sizes_Products(ID, id_size, id_product) VALUES
(137, 1, 37);
INSERT INTO moykiv_newcfashion.Sizes_Products(ID, id_size, id_product) VALUES
(138, 3, 37);
INSERT INTO moykiv_newcfashion.Sizes_Products(ID, id_size, id_product) VALUES
(139, 4, 37);
INSERT INTO moykiv_newcfashion.Sizes_Products(ID, id_size, id_product) VALUES
(140, 1, 38);
INSERT INTO moykiv_newcfashion.Sizes_Products(ID, id_size, id_product) VALUES
(141, 5, 38);
INSERT INTO moykiv_newcfashion.Sizes_Products(ID, id_size, id_product) VALUES
(142, 3, 39);
INSERT INTO moykiv_newcfashion.Sizes_Products(ID, id_size, id_product) VALUES
(143, 4, 39);
INSERT INTO moykiv_newcfashion.Sizes_Products(ID, id_size, id_product) VALUES
(144, 5, 39);
INSERT INTO moykiv_newcfashion.Sizes_Products(ID, id_size, id_product) VALUES
(145, 1, 40);
INSERT INTO moykiv_newcfashion.Sizes_Products(ID, id_size, id_product) VALUES
(146, 3, 40);
INSERT INTO moykiv_newcfashion.Sizes_Products(ID, id_size, id_product) VALUES
(147, 4, 40);
INSERT INTO moykiv_newcfashion.Sizes_Products(ID, id_size, id_product) VALUES
(148, 5, 40);
INSERT INTO moykiv_newcfashion.Sizes_Products(ID, id_size, id_product) VALUES
(149, 1, 41);
INSERT INTO moykiv_newcfashion.Sizes_Products(ID, id_size, id_product) VALUES
(150, 3, 41);
INSERT INTO moykiv_newcfashion.Sizes_Products(ID, id_size, id_product) VALUES
(151, 4, 41);
INSERT INTO moykiv_newcfashion.Sizes_Products(ID, id_size, id_product) VALUES
(152, 5, 41);
INSERT INTO moykiv_newcfashion.Sizes_Products(ID, id_size, id_product) VALUES
(153, 8, 42);
INSERT INTO moykiv_newcfashion.Sizes_Products(ID, id_size, id_product) VALUES
(154, 7, 42);
INSERT INTO moykiv_newcfashion.Sizes_Products(ID, id_size, id_product) VALUES
(155, 9, 42);
INSERT INTO moykiv_newcfashion.Sizes_Products(ID, id_size, id_product) VALUES
(156, 6, 43);
INSERT INTO moykiv_newcfashion.Sizes_Products(ID, id_size, id_product) VALUES
(157, 7, 43);
INSERT INTO moykiv_newcfashion.Sizes_Products(ID, id_size, id_product) VALUES
(158, 8, 43);
INSERT INTO moykiv_newcfashion.Sizes_Products(ID, id_size, id_product) VALUES
(159, 4, 44);
INSERT INTO moykiv_newcfashion.Sizes_Products(ID, id_size, id_product) VALUES
(160, 5, 44);
INSERT INTO moykiv_newcfashion.Sizes_Products(ID, id_size, id_product) VALUES
(161, 1, 45);
INSERT INTO moykiv_newcfashion.Sizes_Products(ID, id_size, id_product) VALUES
(162, 3, 45);
INSERT INTO moykiv_newcfashion.Sizes_Products(ID, id_size, id_product) VALUES
(163, 4, 45);
INSERT INTO moykiv_newcfashion.Sizes_Products(ID, id_size, id_product) VALUES
(164, 5, 46);
INSERT INTO moykiv_newcfashion.Sizes_Products(ID, id_size, id_product) VALUES
(165, 6, 46);
INSERT INTO moykiv_newcfashion.Sizes_Products(ID, id_size, id_product) VALUES
(166, 7, 46);
INSERT INTO moykiv_newcfashion.Sizes_Products(ID, id_size, id_product) VALUES
(167, 3, 47);
INSERT INTO moykiv_newcfashion.Sizes_Products(ID, id_size, id_product) VALUES
(168, 3, 48);
INSERT INTO moykiv_newcfashion.Sizes_Products(ID, id_size, id_product) VALUES
(169, 4, 48);
INSERT INTO moykiv_newcfashion.Sizes_Products(ID, id_size, id_product) VALUES
(170, 5, 48);
INSERT INTO moykiv_newcfashion.Sizes_Products(ID, id_size, id_product) VALUES
(171, 5, 49);
INSERT INTO moykiv_newcfashion.Sizes_Products(ID, id_size, id_product) VALUES
(172, 1, 50);
INSERT INTO moykiv_newcfashion.Sizes_Products(ID, id_size, id_product) VALUES
(173, 3, 50);
INSERT INTO moykiv_newcfashion.Sizes_Products(ID, id_size, id_product) VALUES
(174, 4, 50);
INSERT INTO moykiv_newcfashion.Sizes_Products(ID, id_size, id_product) VALUES
(175, 5, 50);
INSERT INTO moykiv_newcfashion.Sizes_Products(ID, id_size, id_product) VALUES
(176, 1, 51);
INSERT INTO moykiv_newcfashion.Sizes_Products(ID, id_size, id_product) VALUES
(177, 3, 51);
INSERT INTO moykiv_newcfashion.Sizes_Products(ID, id_size, id_product) VALUES
(178, 15, 51);
INSERT INTO moykiv_newcfashion.Sizes_Products(ID, id_size, id_product) VALUES
(179, 7, 52);
INSERT INTO moykiv_newcfashion.Sizes_Products(ID, id_size, id_product) VALUES
(180, 8, 52);
INSERT INTO moykiv_newcfashion.Sizes_Products(ID, id_size, id_product) VALUES
(181, 9, 52);
INSERT INTO moykiv_newcfashion.Sizes_Products(ID, id_size, id_product) VALUES
(182, 5, 53);
INSERT INTO moykiv_newcfashion.Sizes_Products(ID, id_size, id_product) VALUES
(183, 6, 53);
INSERT INTO moykiv_newcfashion.Sizes_Products(ID, id_size, id_product) VALUES
(184, 7, 53);
INSERT INTO moykiv_newcfashion.Sizes_Products(ID, id_size, id_product) VALUES
(185, 9, 54);