--
-- Скрипт сгенерирован Devart dbForge Studio for MySQL, Версия 6.3.323.0
-- Домашняя страница продукта: http://www.devart.com/ru/dbforge/mysql/studio
-- Дата скрипта: 22.07.2015 16:46:15
-- Версия сервера: 5.5.42-cll
-- Версия клиента: 4.1
--


-- 
-- Отключение внешних ключей
-- 
/*!40014 SET @OLD_FOREIGN_KEY_CHECKS=@@FOREIGN_KEY_CHECKS, FOREIGN_KEY_CHECKS=0 */;

-- 
-- Установить режим SQL (SQL mode)
-- 
/*!40101 SET @OLD_SQL_MODE=@@SQL_MODE, SQL_MODE='NO_AUTO_VALUE_ON_ZERO' */;

-- 
-- Установка кодировки, с использованием которой клиент будет посылать запросы на сервер
--
SET NAMES 'utf8';

-- 
-- Установка базы данных по умолчанию
--
USE moykiv_newcfashion;

--
-- Описание для таблицы auth_rule
--
DROP TABLE IF EXISTS auth_rule;
CREATE TABLE auth_rule (
  name VARCHAR(64) NOT NULL,
  data TEXT DEFAULT NULL,
  created_at INT(11) DEFAULT NULL,
  updated_at INT(11) DEFAULT NULL,
  PRIMARY KEY (name)
)
ENGINE = INNODB
CHARACTER SET latin1
COLLATE latin1_swedish_ci;

--
-- Описание для таблицы Categories
--
DROP TABLE IF EXISTS Categories;
CREATE TABLE Categories (
  id_category INT(11) NOT NULL AUTO_INCREMENT,
  name VARCHAR(50) NOT NULL,
  translit_name VARCHAR(50) DEFAULT NULL,
  description VARCHAR(255) DEFAULT NULL,
  PRIMARY KEY (id_category)
)
ENGINE = INNODB
AUTO_INCREMENT = 10
AVG_ROW_LENGTH = 5461
CHARACTER SET utf8
COLLATE utf8_general_ci;

--
-- Описание для таблицы Categories_Products
--
DROP TABLE IF EXISTS Categories_Products;
CREATE TABLE Categories_Products (
  id INT(11) NOT NULL AUTO_INCREMENT,
  id_category INT(11) NOT NULL,
  id_product INT(11) NOT NULL,
  PRIMARY KEY (id)
)
ENGINE = INNODB
AUTO_INCREMENT = 306
AVG_ROW_LENGTH = 4096
CHARACTER SET latin1
COLLATE latin1_swedish_ci;

--
-- Описание для таблицы Categorytree
--
DROP TABLE IF EXISTS Categorytree;
CREATE TABLE Categorytree (
  id INT(11) NOT NULL AUTO_INCREMENT,
  id_parent INT(11) NOT NULL,
  id_child INT(11) NOT NULL,
  PRIMARY KEY (id)
)
ENGINE = INNODB
AUTO_INCREMENT = 1
CHARACTER SET latin1
COLLATE latin1_swedish_ci;

--
-- Описание для таблицы Colors
--
DROP TABLE IF EXISTS Colors;
CREATE TABLE Colors (
  id_color INT(11) NOT NULL AUTO_INCREMENT,
  color_name VARCHAR(50) NOT NULL,
  color_code VARCHAR(50) DEFAULT NULL,
  PRIMARY KEY (id_color)
)
ENGINE = INNODB
AUTO_INCREMENT = 20
AVG_ROW_LENGTH = 1365
CHARACTER SET utf8
COLLATE utf8_general_ci;

--
-- Описание для таблицы Colors_Products
--
DROP TABLE IF EXISTS Colors_Products;
CREATE TABLE Colors_Products (
  ID INT(11) NOT NULL AUTO_INCREMENT,
  id_color INT(11) NOT NULL,
  id_product INT(11) NOT NULL,
  PRIMARY KEY (ID)
)
ENGINE = INNODB
AUTO_INCREMENT = 76
AVG_ROW_LENGTH = 2730
CHARACTER SET latin1
COLLATE latin1_swedish_ci;

--
-- Описание для таблицы Pictures
--
DROP TABLE IF EXISTS Pictures;
CREATE TABLE Pictures (
  id_picture INT(11) NOT NULL AUTO_INCREMENT,
  file_name VARCHAR(50) NOT NULL,
  PRIMARY KEY (id_picture)
)
ENGINE = INNODB
AUTO_INCREMENT = 539
AVG_ROW_LENGTH = 1489
CHARACTER SET utf8
COLLATE utf8_general_ci;

--
-- Описание для таблицы Pictures_Products
--
DROP TABLE IF EXISTS Pictures_Products;
CREATE TABLE Pictures_Products (
  id_picture_product INT(11) NOT NULL AUTO_INCREMENT,
  id_picture INT(11) NOT NULL,
  id_product INT(11) NOT NULL,
  is_miniature BIT(1) NOT NULL DEFAULT b'0' COMMENT 'Это миниатюра',
  PRIMARY KEY (id_picture_product)
)
ENGINE = INNODB
AUTO_INCREMENT = 524
AVG_ROW_LENGTH = 1489
CHARACTER SET latin1
COLLATE latin1_swedish_ci;

--
-- Описание для таблицы Products
--
DROP TABLE IF EXISTS Products;
CREATE TABLE Products (
  id_product INT(11) NOT NULL AUTO_INCREMENT,
  name VARCHAR(50) NOT NULL,
  price DOUBLE DEFAULT NULL,
  oldprice DOUBLE DEFAULT NULL,
  url VARCHAR(255) NOT NULL COMMENT 'Транслитерация name для отображения урл',
  isview TINYINT(1) DEFAULT 1 COMMENT 'Отображать товар в выдаче',
  description TEXT DEFAULT NULL,
  create_date TIMESTAMP NULL DEFAULT NULL,
  last_update TIMESTAMP NULL DEFAULT '0000-00-00 00:00:00' ON UPDATE CURRENT_TIMESTAMP,
  views_count INT(11) DEFAULT 0,
  PRIMARY KEY (id_product)
)
ENGINE = MYISAM
AUTO_INCREMENT = 131
AVG_ROW_LENGTH = 40
CHARACTER SET utf8
COLLATE utf8_general_ci;

--
-- Описание для таблицы Products_Template
--
DROP TABLE IF EXISTS Products_Template;
CREATE TABLE Products_Template (
  id_prod_temp INT(11) NOT NULL AUTO_INCREMENT,
  id_product INT(11) DEFAULT NULL,
  id_color INT(11) DEFAULT NULL,
  id_size INT(11) DEFAULT NULL,
  PRIMARY KEY (id_prod_temp)
)
ENGINE = MYISAM
AUTO_INCREMENT = 426
AVG_ROW_LENGTH = 17
CHARACTER SET latin1
COLLATE latin1_swedish_ci;

--
-- Описание для таблицы Sizes
--
DROP TABLE IF EXISTS Sizes;
CREATE TABLE Sizes (
  id_size INT(11) NOT NULL AUTO_INCREMENT,
  size_name VARCHAR(50) NOT NULL,
  PRIMARY KEY (id_size)
)
ENGINE = INNODB
AUTO_INCREMENT = 16
AVG_ROW_LENGTH = 1260
CHARACTER SET utf8
COLLATE utf8_general_ci;

--
-- Описание для таблицы Sizes_Products
--
DROP TABLE IF EXISTS Sizes_Products;
CREATE TABLE Sizes_Products (
  ID INT(11) NOT NULL AUTO_INCREMENT,
  id_size INT(11) NOT NULL,
  id_product INT(11) NOT NULL,
  PRIMARY KEY (ID)
)
ENGINE = INNODB
AUTO_INCREMENT = 186
AVG_ROW_LENGTH = 1489
CHARACTER SET latin1
COLLATE latin1_swedish_ci;

--
-- Описание для таблицы auth_item
--
DROP TABLE IF EXISTS auth_item;
CREATE TABLE auth_item (
  name VARCHAR(64) NOT NULL,
  type INT(11) NOT NULL,
  description TEXT DEFAULT NULL,
  rule_name VARCHAR(64) DEFAULT NULL,
  data TEXT DEFAULT NULL,
  created_at INT(11) DEFAULT NULL,
  updated_at INT(11) DEFAULT NULL,
  PRIMARY KEY (name),
  INDEX rule_name (rule_name),
  INDEX type (type),
  CONSTRAINT auth_item_ibfk_1 FOREIGN KEY (rule_name)
    REFERENCES auth_rule(name) ON DELETE SET NULL ON UPDATE CASCADE
)
ENGINE = INNODB
CHARACTER SET latin1
COLLATE latin1_swedish_ci;

--
-- Описание для таблицы auth_assignment
--
DROP TABLE IF EXISTS auth_assignment;
CREATE TABLE auth_assignment (
  item_name VARCHAR(64) NOT NULL,
  user_id VARCHAR(64) NOT NULL,
  created_at INT(11) DEFAULT NULL,
  PRIMARY KEY (item_name, user_id),
  CONSTRAINT auth_assignment_ibfk_1 FOREIGN KEY (item_name)
    REFERENCES auth_item(name) ON DELETE CASCADE ON UPDATE CASCADE
)
ENGINE = INNODB
CHARACTER SET latin1
COLLATE latin1_swedish_ci;

--
-- Описание для таблицы auth_item_child
--
DROP TABLE IF EXISTS auth_item_child;
CREATE TABLE auth_item_child (
  parent VARCHAR(64) NOT NULL,
  child VARCHAR(64) NOT NULL,
  PRIMARY KEY (parent, child),
  INDEX child (child),
  CONSTRAINT auth_item_child_ibfk_1 FOREIGN KEY (parent)
    REFERENCES auth_item(name) ON DELETE CASCADE ON UPDATE CASCADE,
  CONSTRAINT auth_item_child_ibfk_2 FOREIGN KEY (child)
    REFERENCES auth_item(name) ON DELETE CASCADE ON UPDATE CASCADE
)
ENGINE = INNODB
CHARACTER SET latin1
COLLATE latin1_swedish_ci;

-- 
-- Вывод данных для таблицы auth_rule
--

-- Таблица moykiv_newcfashion.auth_rule не содержит данных

-- 
-- Вывод данных для таблицы Categories
--
INSERT INTO Categories VALUES
(3, 'Вечерние платья', 'Vechernie-platya', 'Изысканные вечерние платья в Волгограде'),
(4, 'Коктейльные платья', 'Cocktailnie-platya', 'Коктейльные платья коллекций 2015 года'),
(5, 'Повседневные платья', 'Povsednevnie-platya', 'Выберите свое платье на каждые день'),
(6, 'Свадебные платья', 'Svadebnie-platya', 'Недорогие свадебные платья в Волгограде'),
(7, 'Большие размеры', 'Platya-bolshih-razmerov', 'Красивые платья больших размеров в Волгограде'),
(8, 'На выпускной', 'Platya-na-vipusknoy', NULL),
(9, 'Мамам на свадьбу', 'Platya-mamam-na-svadbu', NULL);

-- 
-- Вывод данных для таблицы Categories_Products
--
INSERT INTO Categories_Products VALUES
(15, 3, 2),
(24, 3, 3),
(32, 6, 4),
(33, 3, 5),
(34, 3, 6),
(35, 6, 6),
(36, 3, 7),
(37, 6, 7),
(38, 3, 8),
(39, 3, 9),
(40, 3, 10),
(41, 7, 10),
(42, 6, 10),
(43, 3, 11),
(44, 3, 12),
(45, 3, 13),
(46, 3, 14),
(47, 6, 14),
(48, 3, 15),
(49, 3, 16),
(50, 3, 17),
(51, 7, 17),
(52, 3, 18),
(53, 6, 18),
(54, 3, 19),
(55, 7, 19),
(56, 3, 20),
(57, 3, 21),
(58, 7, 21),
(59, 4, 22),
(60, 4, 23),
(61, 6, 23),
(62, 4, 24),
(63, 4, 25),
(64, 4, 26),
(65, 7, 26),
(66, 4, 27),
(67, 5, 28),
(68, 4, 29),
(69, 4, 30),
(70, 5, 30),
(71, 4, 31),
(72, 5, 31),
(73, 4, 32),
(74, 5, 32),
(75, 7, 32),
(76, 3, 33),
(77, 3, 34),
(78, 6, 34),
(79, 3, 35),
(80, 6, 35),
(81, 3, 36),
(82, 6, 36),
(83, 6, 37),
(84, 3, 37),
(85, 3, 38),
(86, 3, 39),
(87, 4, 40),
(88, 3, 41),
(89, 4, 42),
(90, 7, 42),
(91, 4, 43),
(92, 7, 43),
(93, 6, 43),
(96, 5, 44),
(97, 4, 45),
(99, 6, 46),
(100, 3, 46),
(101, 7, 46),
(102, 4, 47),
(103, 4, 48),
(104, 6, 48),
(105, 4, 49),
(106, 6, 50),
(107, 3, 50),
(108, 4, 51),
(109, 6, 51),
(110, 7, 52),
(111, 4, 52),
(112, 7, 53),
(113, 3, 53),
(114, 3, 54),
(115, 7, 54),
(116, 6, 54),
(118, 3, 55),
(119, 8, 55),
(121, 4, 56),
(122, 5, 56),
(123, 4, 57),
(124, 7, 57),
(125, 5, 57),
(126, 5, 52),
(127, 4, 58),
(128, 5, 58),
(129, 5, 59),
(130, 4, 59),
(131, 4, 60),
(132, 5, 60),
(133, 3, 61),
(134, 7, 61),
(135, 6, 61),
(136, 4, 62),
(137, 5, 62),
(138, 4, 63),
(140, 7, 73),
(141, 4, 73),
(142, 5, 73),
(143, 3, 74),
(144, 7, 74),
(145, 4, 75),
(146, 8, 75),
(147, 4, 76),
(148, 8, 76),
(149, 4, 77),
(150, 7, 77),
(151, 5, 77),
(152, 4, 81),
(153, 7, 81),
(154, 5, 81),
(155, 3, 82),
(156, 8, 82),
(157, 3, 83),
(158, 6, 83),
(159, 3, 84),
(160, 7, 84),
(161, 3, 85),
(162, 7, 85),
(163, 6, 86),
(164, 7, 86),
(165, 3, 87),
(166, 8, 87),
(167, 3, 88),
(168, 6, 88),
(169, 8, 88),
(170, 3, 89),
(171, 6, 89),
(172, 8, 89),
(173, 6, 90),
(174, 8, 90),
(175, 6, 2),
(176, 8, 2),
(178, 8, 5),
(179, 8, 6),
(180, 8, 8),
(181, 8, 13),
(182, 8, 14),
(183, 8, 16),
(184, 6, 91),
(185, 3, 91),
(186, 8, 91),
(187, 3, 92),
(188, 8, 92),
(189, 3, 94),
(190, 8, 94),
(191, 8, 95),
(192, 6, 95),
(193, 3, 95),
(194, 3, 96),
(195, 8, 96),
(196, 6, 96),
(197, 3, 97),
(198, 8, 97),
(199, 9, 17),
(200, 9, 19),
(201, 9, 26),
(202, 9, 32),
(203, 9, 38),
(204, 9, 52),
(205, 9, 73),
(206, 9, 74),
(207, 9, 81),
(208, 9, 84),
(209, 9, 85),
(210, 9, 90),
(211, 9, 53),
(212, 9, 94),
(213, 9, 57),
(214, 3, 98),
(215, 6, 98),
(216, 7, 98),
(217, 3, 99),
(218, 8, 99),
(219, 3, 100),
(220, 6, 100),
(221, 8, 100),
(222, 3, 101),
(223, 6, 101),
(224, 8, 101),
(225, 3, 102),
(226, 6, 102),
(227, 8, 102),
(228, 4, 103),
(229, 8, 103),
(230, 4, 104),
(231, 8, 104),
(232, 3, 105),
(233, 9, 105),
(234, 8, 105),
(235, 4, 106),
(236, 5, 106),
(237, 9, 12),
(238, 9, 54),
(239, 9, 41),
(240, 3, 107),
(241, 6, 107),
(242, 8, 107),
(243, 4, 108),
(244, 8, 108),
(245, 3, 109),
(246, 8, 109),
(249, 6, 110),
(250, 6, 109),
(251, 8, 111),
(252, 6, 111),
(253, 3, 112),
(254, 8, 112),
(255, 6, 112),
(256, 4, 113),
(257, 8, 113),
(258, 6, 113),
(259, 4, 114),
(260, 8, 114),
(261, 3, 115),
(262, 6, 115),
(263, 9, 115),
(264, 8, 115),
(265, 9, 63),
(266, 9, 39),
(267, 3, 116),
(268, 7, 116),
(269, 9, 116),
(270, 3, 117),
(271, 3, 118),
(272, 9, 118),
(273, 3, 119),
(274, 9, 119),
(275, 9, 111),
(276, 3, 111),
(277, 9, 40),
(278, 3, 120),
(279, 6, 120),
(280, 7, 120),
(281, 9, 120),
(282, 3, 121),
(283, 6, 121),
(284, 8, 121),
(285, 9, 121),
(286, 4, 123),
(288, 9, 123),
(289, 3, 124),
(290, 6, 124),
(291, 4, 125),
(295, 3, 126),
(296, 4, 129),
(297, 7, 129),
(298, 9, 129),
(299, 4, 128),
(300, 7, 128),
(301, 9, 128),
(302, 3, 127),
(303, 9, 126),
(305, 6, 130);

-- 
-- Вывод данных для таблицы Categorytree
--

-- Таблица moykiv_newcfashion.Categorytree не содержит данных

-- 
-- Вывод данных для таблицы Colors
--
INSERT INTO Colors VALUES
(1, 'Черный', '#000000'),
(2, 'Белый', '#ffffff'),
(3, 'Синий', '#0000FF'),
(4, 'Красный', '#FF0000'),
(5, 'Зеленый', '#008000'),
(6, 'Голубой', '#ADD8E6'),
(7, 'Какао', ''),
(8, 'Фиолетовый', '#8b00ff'),
(9, 'Сиреневый', '#c8a2c8'),
(10, 'Розовый', '#ffc0cb'),
(11, 'Фуксия', '#f754e1'),
(12, 'Леопард', ''),
(13, 'Цветное', ''),
(14, 'Оранжевый', '#ffa500'),
(15, 'Лимонный', '#fde910'),
(16, 'Бежевый', '#f5f5dc'),
(17, 'Лаванда', '#e6e6fa'),
(18, 'Ментол', NULL),
(19, 'Пудра(розовый)', NULL);

-- 
-- Вывод данных для таблицы Colors_Products
--
INSERT INTO Colors_Products VALUES
(7, 3, 2),
(14, 2, 4),
(15, 11, 5),
(16, 6, 5),
(18, 11, 6),
(19, 2, 6),
(20, 8, 6),
(21, 1, 3),
(22, 2, 7),
(23, 11, 8),
(24, 11, 9),
(25, 2, 10),
(26, 5, 11),
(27, 3, 12),
(28, 5, 13),
(29, 2, 14),
(30, 3, 14),
(31, 5, 15),
(32, 4, 16),
(33, 3, 17),
(34, 2, 18),
(35, 4, 19),
(36, 4, 20),
(37, 5, 21),
(38, 3, 22),
(39, 2, 23),
(40, 3, 23),
(41, 9, 23),
(42, 1, 24),
(43, 1, 25),
(44, 1, 26),
(45, 10, 27),
(47, 13, 28),
(48, 3, 29),
(49, 4, 30),
(50, 3, 31),
(51, 4, 32),
(52, 6, 33),
(53, 2, 34),
(54, 2, 35),
(55, 2, 36),
(56, 2, 37),
(57, 3, 38),
(58, 7, 39),
(59, 4, 40),
(60, 3, 41),
(61, 5, 41),
(62, 1, 42),
(63, 4, 43),
(64, 2, 43),
(65, 13, 44),
(66, 13, 45),
(67, 2, 46),
(68, 3, 47),
(69, 2, 48),
(70, 11, 49),
(71, 2, 50),
(72, 2, 51),
(73, 3, 52),
(74, 3, 53),
(75, 2, 54);

-- 
-- Вывод данных для таблицы Pictures
--
INSERT INTO Pictures VALUES
(38, '5_6cc0a7e27d2dea5d3cf5bf72d94a77f8.jpg'),
(39, '5_bb51031d68f2994c5425b10a578b5b9b.jpg'),
(40, '5_7f6ded8c2297c66d2685f624c7bdac1f.jpg'),
(41, '5_a2c65833f71d6e313da57df41332ed23.jpg'),
(42, '5_f0ac34ead7b77cff1103b611569f68a4.jpg'),
(43, '4_c2a75339b155d0e846732f690a655b4f.jpg'),
(44, '4_e504b926962b6a29d3d2d4206b3122f6.jpg'),
(45, '4_3d84a69b8ba7a67ea1ae16b9c9dd14a8.jpg'),
(47, '6_12c0678581907ec1ce570ebe3a75e6f1.jpg'),
(48, '6_f0eb7409a798c1d07101ffdca323f0b5.jpg'),
(49, '6_46fd9ab1c18b97d4dfbcaacbc4ef31e9.jpg'),
(50, '6_d30402364c67ba74e9868bb0b4055f61.jpg'),
(51, '6_68619b488006440b11d4dea8143827c8.jpg'),
(52, '6_f1c19c6d0e82f63560f65022090c01c4.jpg'),
(53, '6_06f5e4010dfe7d64017de7b823977923.jpg'),
(54, '3_476e51812472e80cf8252b431fdc6806.jpg'),
(55, '3_82e046ca25907f0efc12f3c64157a4ea.jpg'),
(56, '3_8821f36b63cdfb7643415465f33a4938.jpg'),
(57, '2_f4e7aec99a52b925dc60d2a967f6234f.jpg'),
(58, '2_48e59e72d08c30bc645c8367d95d7647.jpg'),
(61, '7_ac0481e7c2147d111dd8443c9879ac19.jpg'),
(62, '7_6d7c12ef3fe208ac7685c8f4457a0907.jpg'),
(63, '7_8647fb65c10274dbbaa4de9405ae19da.jpg'),
(64, '8_a3e0c1a6cdbb6e91758e9e76c4c7a336.jpg'),
(65, '8_324e4f9a504103adfb200bf2c4c989d6.jpg'),
(66, '8_00637fc7fd854b99180f045ffd0c8f53.jpg'),
(67, '8_4c9d5b0cbc1c580846271e062408b927.jpg'),
(68, '9_af939a12109633cb0773c2f833d00176.jpg'),
(69, '9_27375c7452377c49095369ebc9d15cf0.jpg'),
(70, '10_bc8f1a86252572901e615d72e746bef5.jpg'),
(72, '10_edb29c5e8fbf82c41fa79798f8380737.jpg'),
(78, '12_6810634a4b8fc6825da6f8f2db16a6b1.jpg'),
(79, '12_85efd006e751da20192b550256f4d85e.jpg'),
(80, '12_adc5b21c272cd1f43bbdee7f1de6c09f.jpg'),
(81, '12_6aeefbe7c4828f8728adf6d739f6be51.jpg'),
(82, '12_19b24d9406d638eb777dfbcb34abbc33.jpg'),
(87, '13_fc9830d724023bb4131ec69633761222.jpg'),
(88, '13_de64dccc1ffa4e5ab8a7b5dcf72b2530.jpg'),
(89, '13_1a58e7e7120c54d0bfb80ec0c91c80cb.jpg'),
(93, '14_481e7d58e4875f88e2c34d398ab8b1e6.jpg'),
(94, '14_ac1d289d5f31915757a47b732f359e2c.jpg'),
(97, '15_802c5878bc547539257988f634db722b.jpg'),
(100, '16_d7067faeeaf02adbc85915f12a5476e0.jpg'),
(101, '16_30cbefd8e221b34643be03f21074bb7a.jpg'),
(102, '16_59eaed500a8e40554d5f79b0c30a5c3d.jpg'),
(103, '16_5e3e20382c8611107954e44476bbd5ca.jpg'),
(104, '17_7a7f22410c84710169c60f02d50f3049.jpg'),
(105, '17_9e064bdf0217ed47f314a32a368157a2.jpg'),
(106, '17_867de845e113ecf17bf946a6b9723d53.jpg'),
(107, '18_a48fc2656c7560433360b9aaecca4d47.jpg'),
(108, '18_883c044eaf11f622a02e0c03b35d862b.jpg'),
(109, '18_9e4bfdae19ee1343ac3d54eff806d191.jpg'),
(110, '19_4a1e732f94e84a8353d8e394c0da90bf.jpg'),
(113, '19_764eac8a5bb92ef4e67c7bb21e9e97b5.jpg'),
(114, '19_b073ca37241fc51746fa8a25a40038b1.jpg'),
(116, '14_bac077585d7e91e8e92e9aa74539c5fb.jpg'),
(117, '20_846156a8d18c87bfd0d5725cbe09bc3e.jpg'),
(118, '20_a0d52f2f4487753a2c9e6c7aa4df3a1f.jpg'),
(119, '20_03c8e5041891c5cb042c6275eb9d59a6.jpg'),
(120, '20_aeb029f7d8a232f81923e9d9001bf63b.jpg'),
(123, '21_8ba6a28d27d24735ac03f8a0ba396461.jpg'),
(126, '21_847c761b880953a8ea9ee9787c499583.jpg'),
(129, '21_4e16349555c81766368b5b1c62514bc7.jpg'),
(131, '21_6de209eb807894ddf95a2cbbbb60f2dd.jpg'),
(132, '22_5b8bf384bd18e0897fce0854b30ec5b3.jpg'),
(133, '22_c10d06a5f725f6e2908b4e7778c47e95.jpg'),
(134, '22_519e6505398d45133f240d876f0047eb.jpg'),
(135, '22_bc0052fe0fa3720f744b2ea4473e7a7e.jpg'),
(140, '23_0ebb976fbe82370e0e7dbef07a3d172b.jpg'),
(141, '23_34d5f93a92d3c9490fc9579f4c6c3532.jpg'),
(142, '23_3bbad44b832c8cf38006f383ca206034.jpg'),
(143, '23_f811eac647db5ea4fa74133a317145b8.jpg'),
(144, '23_4d7126e942a74f95e6fa9d42564da9b1.jpg'),
(148, '24_de8ab915761bd61d8febfed8c9bbc6be.jpg'),
(149, '24_e6bb815ded7f73229feb08941df82e5d.jpg'),
(150, '24_9f9c0b0ab9a36660459877f0f798403f.jpg'),
(153, '26_380cf239202d0b0c5c388e935b1171c5.jpg'),
(154, '26_72751cd3e9d7e58779001cbff04a1713.jpg'),
(155, '26_17a5cb2ff351d8e625e59b4a9dcb3f28.jpg'),
(156, '27_3cdd29423a0eadb415fe4797c6eb2882.jpg'),
(157, '27_647ae69e2a4f76748a6cf0b8593ca3fe.jpg'),
(158, '27_09b1f7650c5c37bc2c5c99708d0e45c1.jpg'),
(159, '28_9bfa7550bff51e6a14ac959d008d91ed.jpg'),
(160, '28_1a69f4663b2d1e06ffc527c7bebb4be7.jpg'),
(161, '28_7671a1dae7c41e3b40914aa433cc058e.jpg'),
(164, '29_3049844fabde659f0d072078ce082a57.jpg'),
(165, '29_cd7377e91c5e2523f7a016c043f2b02e.jpg'),
(166, '29_a9fd3647779ba95b97f2feadc3923c61.jpg'),
(168, '25_4739c964736e48dff435b37cb6fb2c5b.jpg'),
(169, '25_1b355d9e701d5c34731e18a610e0d15e.jpg'),
(170, '25_fa47177c80dd55c3edddebb09181fc2d.jpg'),
(171, '27_66f4ad3b4a7ef36dd274ee49305ffedc.jpg'),
(172, '28_b6133ba3d0845298f90d1b03696092bd.jpg'),
(173, '30_8a557940bb6411e01f2b350c1fcaef35.jpg'),
(174, '30_1302ae8c35d5d9fd0c47b174a8024b75.jpg'),
(178, '31_ffdd751371b8d23588cac386c2cd5283.jpg'),
(179, '31_dfb2b5cb05941a557ad6f9ccc7c6ffc4.jpg'),
(180, '32_6841860db874f497df8ba45376ef7bb6.jpg'),
(181, '32_4ac25b2a9c579dc737ef899147fbf8bc.jpg'),
(182, '32_15a1a16a106e37360f1ac0e93ffba27f.jpg'),
(183, '33_9a20c4646e8a7a6848f10c71015ff797.jpg'),
(184, '33_e5bef5f83e0cb089247b68b1314ca04d.jpg'),
(187, '34_7c5fbfde49d5b29d4bd71c790919de23.jpg'),
(188, '34_bd582b56a0100f21dc12c3def496113e.jpg'),
(189, '34_16dc924ef8abe41529818fd3a01f3631.jpg'),
(190, '35_0c61ae326ce7d238537370f9bc603e8d.jpg'),
(191, '35_72786c69acf4a92ee7d6dc12ad47df84.jpg'),
(192, '35_10c5f394df8378e564e50eda9fdeaac1.jpg'),
(193, '30_0df01ca87ea823340a54572e9abed619.jpg'),
(194, '36_ba4b2b26be3c017754f789df3493f87e.jpg'),
(195, '36_58554e42d0e1d07e1e3e45e8bf4c9f97.jpg'),
(196, '37_7f75dbd07aafb45e01e55723d4e1177b.jpg'),
(197, '37_af9e434539b7517d52f85d353152dc36.jpg'),
(198, '38_6a8f1b8851b211bee02c9cb4d456ac14.jpg'),
(199, '38_2297e33bf9bf700ef1356430acfeb180.jpg'),
(200, '38_0e3d83cf5cd8ec625bd9ecc0841244df.jpg'),
(201, '38_6e37af73d87c195dee44304878522461.jpg'),
(202, '39_d0c05825b93dad4c8b4e69ef5a61b773.jpg'),
(203, '39_0faf80014fd46dd926423613e0c8e2b0.jpg'),
(204, '39_7ff5cf1716baaeab09c66bb259a91b13.jpg'),
(205, '39_fde1eae7b43edb9e97a3090d86bf9a10.jpg'),
(206, '40_5f50c5e3d40d695d84e5647a19a67408.jpg'),
(207, '40_72d9571a428f10357d937a0995975276.jpg'),
(208, '40_7957fb9157148385d100fa9c5db5b736.jpg'),
(209, '40_dcc56e61c3656cc811713a10355947f9.jpg'),
(210, '41_05270869a8de8fdef847ad7533ba3c00.jpg'),
(211, '41_7bdb8bf4bbb9a37192cc903aa963779b.jpg'),
(212, '41_c2095e7e11e5baec1f8244e81dfca541.jpg'),
(213, '41_0652bf9d719cd157e2ae098982543dae.jpg'),
(214, '41_a395ae4440a72d7085cf7d730a837149.jpg'),
(215, '42_8a0beb6b5ba10a56dc14d55ad32fe446.jpg'),
(216, '42_3c566350aee5cdbdbc5fe00d3943be0b.jpg'),
(217, '43_2a4d3d6a7f5077ac5901e7a1e83766a5.jpg'),
(218, '43_62a8d9c0ea980047db493149a736e2d0.jpg'),
(219, '43_f3e6c5415d44d5eb6deb1ab04d42c1ae.jpg'),
(220, '43_ad7643121142979bf5a773cd99b71845.jpg'),
(221, '44_41e4797eb06aadd3cf399bf529e1e098.jpg'),
(222, '44_19e6c1425630b0fa0137342cc0057234.jpg'),
(223, '44_5e1b2985db1069bb29e6d9c845fde05e.jpg'),
(224, '44_ab7b982653b65cd69c74eac8badcbb90.jpg'),
(225, '45_c90171dc086432bb417ca5f0d4bb9789.jpg'),
(226, '45_99b83d158c49b0d1c6942dd06986ab09.jpg'),
(227, '45_12f4cce5e9c8c24297e92c6064a9030e.jpg'),
(228, '46_dd7b09aaee7080a4337025e986255cb7.jpg'),
(229, '46_6e692c08c45e7f69a437b401bde09cd5.jpg'),
(230, '47_9a057a93d21a0f36a460983538c5345f.jpg'),
(231, '47_eefb5d20c68df43d66599eb9df4cbb9d.jpg'),
(232, '47_602dd974e190d99857f9a02d2ca80870.jpg'),
(233, '47_c91d5e3c57c32485bed87b2d4a590c2f.jpg'),
(234, '47_768d86b685e6c0f4cdf9d7ee59f7762a.jpg'),
(235, '48_ed4cf567a3f895fde211036affa89781.jpg'),
(236, '48_e45db9a7150998ea3687588ff63727e2.jpg'),
(237, '48_e0414e4191b9d0a8c9346f038ef62b7f.jpg'),
(238, '49_6115f988eacf0b2f6bb85b07e7ab11fe.jpg'),
(239, '49_cb68277816f7911138c43bc96c003446.jpg'),
(240, '49_9cf33036404b2e8889ca4ad830d66561.jpg'),
(241, '49_3d7b6539ba90482bf025ff46428ffbb8.jpg'),
(242, '50_10d6910b25c26a87cffc377782c655d9.jpg'),
(243, '50_fd1bd8e0ed99457e315713a75b0d78dd.jpg'),
(244, '50_5b92e213ceba57df6d4944ebaf02d001.jpg'),
(245, '51_4032e143ee0e2ba7bc1419bee14e81d5.jpg'),
(246, '52_41ebb43fb5405df17886c9f3ba0bf827.jpg'),
(247, '53_053994cdca48bcad4996200534993c49.jpg'),
(248, '53_4ee0240fa098542cb3a307d550036dae.jpg'),
(250, '54_288476adf69288b89906d9319601d74f.jpg'),
(251, '54_b9a7432461e74adbfb585344424c679e.jpg'),
(252, '54_0b555d2dcdadc0f5e976e4b08fb1b3f4.jpg'),
(253, '54_e6747039df2a0a552b1e791d138bd55d.jpg'),
(254, '55_f508af96c3d5043f56ef02512ad1f040.jpg'),
(255, '55_32a2d9c487ff0f67303d25771efc6d4d.jpg'),
(256, '55_7f6429cf0324fe499bd33741114fc155.jpg'),
(257, '55_b58cd055ad8897c89a6e13ae7a6dbfc4.jpg'),
(258, '55_4d981c65448a962f089fb5b152d0ec60.jpg'),
(259, '56_ad0de6f09a1acbbded480e33afd386fa.jpg'),
(260, '56_038055f8ed8d2cd3f555e67776dbddcc.jpg'),
(261, '56_980daadd299f4e8aec28adb034be5020.jpg'),
(262, '56_7e92cb105dba3eb619eec4ea0eb38ea3.jpg'),
(263, '56_4db15b3279b0c04234d9675c0d2cf32d.jpg'),
(264, '57_7efd08803cb0bc4f3314d50381273b75.jpg'),
(265, '52_33798888abdf7dce46d57031afd10128.jpg'),
(266, '52_0c4406abdd69958b1e26540d1ab28553.jpg'),
(267, '52_7f9d2a6343486bdc1de724abb8c546ec.jpg'),
(268, '58_df69d91e2bffbb0b2aff8e37d51ce144.jpg'),
(269, '58_462f58ece0745ed475d0701f8edf4f0b.jpg'),
(270, '58_eea30b3274ddf7d817cb127e48552742.jpg'),
(271, '59_55e18ace1e9783c33148ebe38b3cc333.jpg'),
(272, '60_8eadd61447e31646a1e343d95aee74e4.jpg'),
(273, '61_1749783faeb1eced235afbe7f6f11c21.jpg'),
(274, '61_986e0cb330e07d2e451550c98eea50fa.jpg'),
(275, '61_8fa5052dae6374d4f454cbd1767ecd93.jpg'),
(276, '61_842bdcaebb4ad256760ffe47685d361a.jpg'),
(277, '62_895303b2fa3e23ee3b825e6fdfd32ae0.jpg'),
(278, '62_959fee9a19d375a2150d8ae1d1d0341c.jpg'),
(279, '62_63d0c736986b09afe923157c4981ac0b.jpg'),
(280, '62_4589e54a39512a11624c9080adf23ca8.jpg'),
(281, '63_8877ad93454c79df5adf18e2549aa0d4.jpg'),
(282, '63_d495f0f7ba1bda591f8d6895717e9106.jpg'),
(283, '63_314eba1f1cbaae7f732318c67e51b8bf.jpg'),
(284, '63_254392b2cb486bfa4d2b7ca596948089.jpg'),
(285, '73_952ba84f69869fb9bd17b8c8945809a1.jpg'),
(286, '73_c603f0f7977599049788067e2d0931fc.jpg'),
(288, '74_c234095f072679c289a6fc437c9d6cf6.jpg'),
(289, '74_3509982f44296af111618c71038b805f.jpg'),
(290, '2_b579eebb642c3d7145bb1d81b9ba60e2.jpg'),
(291, '2_ff8ac13e0ed473b435199d73fa10909c.jpg'),
(292, '2_810cb0886f399c25523ca963c0c5a1e6.jpg'),
(293, '75_a742679ad23c6d0535fe6022cfe665d7.jpg'),
(294, '75_ea38906c69059418d3e85f39cf05693f.jpg'),
(295, '76_29859179dfa7118502e3ff50a9e15358.jpg'),
(300, '76_94b618361557d73693d7d910dd15b15b.jpg'),
(301, '81_5d167089717d8d0091955c8a679be91b.jpg'),
(302, '82_895a53ec4a06bfa18dc2fda3ec4e847a.jpg'),
(303, '83_e281852ad3ff22c2ebdb2bd36ed6919c.jpg'),
(304, '46_3e21574877607f1f0f9f9544d2bdfe1a.jpg'),
(305, '46_537ef8c1c178071d4de2087c9202752e.jpg'),
(306, '84_633b3026f658fa0f7756a2310275be5a.jpg'),
(307, '84_b73fac32262efd0d92861cdfe6838f4a.jpg'),
(309, '84_43c267dc111f4789ac12787fa8b84f63.jpg'),
(310, '84_3de6a408c460d12f6b4a2ae84646b234.jpg'),
(311, '85_ff6f615ef1fea38ba6e1831a061b7925.jpg'),
(312, '85_53748467ee1ea3d0787a735fd0a01b2c.jpg'),
(313, '85_df979dc9c1f4639097023285fe64d37b.jpg'),
(316, '10_c2f1e498f358eb079fe9152ac715d820.jpg'),
(317, '54_e123ed738e6e6461c55cf295d24b0c4e.jpg'),
(318, '54_d8447aed993d82033d9f4fafdd431d2c.jpg'),
(320, '86_febd6981446a9364299111c80c115f30.jpg'),
(321, '37_df17b0c8cf8d50a478c09bac88c399db.jpg'),
(322, '87_9ae4a4a31f1b3ca9be36f7ff71924900.jpg'),
(323, '87_e78880ae3bfdfc0673db35ff1cc34eed.jpg'),
(324, '14_e6d6702088c2aa22c235dcd52792dbcd.jpg'),
(325, '14_3503fdfa4f6c77a0c2443c9e27040e11.jpg'),
(326, '33_6131b6c8ca71baeb9772b9b16fc0614f.jpg'),
(327, '33_7a3ca04691643d342d63c8cad9ffe386.jpg'),
(329, '81_33e1bca69fe2d831802b050fea6dd9bb.jpg'),
(332, '90_b75fc229fcb4d1563ccc2386cb7fbbd0.jpg'),
(333, '90_b214b0eda0dc72e30f8ac186192f3bb9.jpg'),
(334, '90_43d6c6161cb13c6cf1c6d89db02eb3dd.jpg'),
(335, '90_e09bb4514bc30a79e23caa770d371732.jpg'),
(336, '89_4a623015c0d2c7316587b91c4cb35093.jpg'),
(337, '88_69b286817f74ee30a4fc84f3109a32e0.jpg'),
(338, '86_47fd125cbfb176437d3f55156f8e5382.jpg'),
(339, '91_4a13fb34efc03ba10a3565b42da4f9a3.jpg'),
(340, '50_f6b8d9ba174e9e644b51594d44df7a25.jpg'),
(341, '88_8c581049bf95c4ca0646e064888f21d2.jpg'),
(342, '85_a21806ccf64d6b09016837ceb95d151d.jpg'),
(344, '85_586e7e71d9d99def1d6441494dc83b6d.jpg'),
(345, '91_e2c0e985393c104eceed7b39df371401.jpg'),
(346, '91_33c6c1f24f7bd1456084485eef6e860c.jpg'),
(347, '91_459d59eed6ab9aa5fae316ae325ccd74.jpg'),
(348, '89_925cb9b29842d38ae9e9594dc056e1fc.jpg'),
(349, '89_fb79bdefa6cbed123dbf95de8aba665e.jpg'),
(350, '92_4cc34b8f9f854ad5bb63fc2b56343591.jpg'),
(351, '92_245fe861130d59dc9818d9cf4a888c0d.jpg'),
(352, '92_c02be102d91ddd09e1e8998b7eadfdc3.jpg'),
(353, '92_5a83f710e54e1338052474e3f1a44b5d.jpg'),
(354, '5_6cc0a7e27d2dea5d3cf5bf72d94a77f8.jpg'),
(355, '5_bb51031d68f2994c5425b10a578b5b9b.jpg'),
(356, '5_7f6ded8c2297c66d2685f624c7bdac1f.jpg'),
(357, '5_a2c65833f71d6e313da57df41332ed23.jpg'),
(358, '5_f0ac34ead7b77cff1103b611569f68a4.jpg'),
(359, '4_c2a75339b155d0e846732f690a655b4f.jpg'),
(360, '4_e504b926962b6a29d3d2d4206b3122f6.jpg'),
(361, '4_3d84a69b8ba7a67ea1ae16b9c9dd14a8.jpg'),
(362, '6_12c0678581907ec1ce570ebe3a75e6f1.jpg'),
(363, '6_f0eb7409a798c1d07101ffdca323f0b5.jpg'),
(364, '6_46fd9ab1c18b97d4dfbcaacbc4ef31e9.jpg'),
(365, '6_d30402364c67ba74e9868bb0b4055f61.jpg'),
(366, '6_68619b488006440b11d4dea8143827c8.jpg'),
(367, '6_f1c19c6d0e82f63560f65022090c01c4.jpg'),
(368, '6_06f5e4010dfe7d64017de7b823977923.jpg'),
(369, '83_3765dfa86e79b7cc9866393e03b09c59.jpg'),
(370, '83_88371e2ebf49ed2a167920dcc3721e41.jpg'),
(371, '83_5bdc0adf489d22911d13da907755795d.jpg'),
(372, '94_29ea793bd8e3ad695d08f873e622cf94.jpg'),
(373, '94_ac3e07db22647fac120bc9ed3eb8a02e.jpg'),
(376, '36_7199ca0bb5e0f2de6aa036266d6af62f.jpg'),
(377, '95_4af7c33eeefce35ee0e712367c83e8fc.jpg'),
(378, '95_998eabcefa3b25a392f180ff42597ce2.jpg'),
(379, '95_1b97bac3b8fc3bb13c85df5e68f6e3af.jpg'),
(380, '95_043b90acd45ccf58a8e9ddf72975ffda.jpg'),
(381, '96_a936fa46048e38d26396bcd8e47fa65c.jpg'),
(382, '96_f4d17e926cdf90b4ddf264c64128e2ef.jpg'),
(383, '96_50e2f3c1fcceee2f5c2e64b04b77d180.jpg'),
(384, '96_611a9b76f95f0816dfc7d0a29146b500.jpg'),
(385, '96_2b66939c6ade30c8aa3d25889db7510a.jpg'),
(386, '9_8b2195fab1a0f48e9a63ac89c6b1732c.jpg'),
(387, '9_61b5b0279dda825a00721828afada3d2.jpg'),
(388, '96_84b7ada1b56721a2481059a3ea94de8c.jpg'),
(389, '96_6f4f5146ff821ffd123022bb435d8fc8.jpg'),
(390, '97_8c8747cd17932db34bd071a6a508a674.jpg'),
(391, '97_7495569e4bf67066920a3ca13e3796c4.jpg'),
(392, '97_153a76252bd711b98938c66bab965ec0.jpg'),
(393, '97_607bf7d95dcc6ad1ba30a482d0e35e51.jpg'),
(394, '14_1c4d5d79acec86f09e27af71654e3b49.jpg'),
(395, '14_d3e1db439493f10670e5ed2e4d21e65a.jpg'),
(396, '10_500a99ae97f347d2cf083e1b5d032329.jpg'),
(397, '10_5b44085d936cdecc50ac3710c7454125.jpg'),
(398, '10_ccfd6d7b26d91fb60b4b3d2feb3258ed.jpg'),
(399, '98_6e536b8e21c747d1f688845bfa83635d.jpg'),
(400, '98_9c9151c8780b5a675dbf6a984daab907.jpg'),
(401, '98_1579f5adf3a966c66c798e07a3e01f36.jpg'),
(402, '98_ceb23edbe5f1107e0609ebe32f70f30d.jpg'),
(403, '98_cc1e5b4d03cddbc0797b459a303e2000.jpg'),
(404, '99_ba160a145bec13dd5c53f0e9d74e1043.jpg'),
(405, '99_051d707000f5fe717ae71121df0ed78d.jpg'),
(406, '100_b6862cc510ec74728dabb68553972e5a.jpg'),
(407, '101_b635ba7d6e9fce29d1a0d392205ec176.jpg'),
(408, '102_e61dd6432b8973228b76c6dba0eb7bec.jpg'),
(409, '103_2a781db516c8bdfd4cb892f92fce9c9b.jpg'),
(410, '103_bbb6bd050f750a484e4434870f4a5039.jpg'),
(411, '104_503a868413062528d668500030340bec.jpg'),
(412, '102_e5b5493bc1b39077ce873dd555148378.jpg'),
(413, '105_f7d3790e570dfa47589296012c3b5332.jpg'),
(414, '105_154488b27d4e230376559104d3ef7f53.jpg'),
(415, '97_e40ae02b074c6c04eff6ff04c4f1f720.jpg'),
(416, '106_cb77bd0824e92f0f07e71f7e82fbdd00.jpg'),
(417, '107_bc3ae2646035cd6ac8498ecec0c0fc1c.jpg'),
(419, '107_810298ef26ea42e3fb049e8e33d60493.jpg'),
(420, '107_fb7a8fba14a350bfe4c730f7942f071b.jpg'),
(421, '107_8e7c5f6534330cdfa5b8f11ccd4b709d.jpg'),
(422, '107_6badbf8f7c2d56554fb4c66b63868935.jpg'),
(423, '107_a37d911639eb8a241e034b44ded8dc8c.jpg'),
(424, '108_610c8fe12a5c7eef2d5bb2f32d50870c.jpg'),
(425, '108_74ead72146183f994b74af07cde062f1.jpg'),
(426, '108_b24b76b8b9c2bda5fad51ca61e6bfe5a.jpg'),
(427, '108_8f7854704ee9e56aac8d5f0a73277599.jpg'),
(428, '100_7bd66874e31ecba70c625882797d1c02.jpg'),
(429, '100_6114d61ae6bf2c93fbf09339e2935e41.jpg'),
(430, '100_330500a8494cc9889c6c90e4f17fbb77.jpg'),
(431, '109_482061c47df9aee39e17561dc1b30d45.jpg'),
(432, '109_0f6f6afaee18d3f6d53d9cc8fa5c9ac2.jpg'),
(433, '109_38f9f008c3297cb9b81f67fa50e80de8.jpg'),
(434, '106_14cd7bb8b9dfe3c22a758af252fce8ac.jpg'),
(435, '110_2d86f0bfba938d199276c67134404423.jpg'),
(436, '111_a58b455d83da75d42e286668396e2921.jpg'),
(437, '111_fa52eb0e68396246c4a93ccb840b9b52.jpg'),
(438, '112_484c3fc7b7c86dcb9b58dc6ebf701b7e.jpg'),
(439, '113_68985e5b8298a39a05c70900e8aad87a.jpg'),
(440, '113_0524c67c4895e626be1bdad32898a351.jpg'),
(441, '114_30a6b4797e2f423906ee0a925b296d47.jpg'),
(442, '114_e40e3af1a5946b1f3430a8f4c8b0c21b.jpg'),
(443, '115_c480e39d70d039c1ae6c12490db65879.jpg'),
(444, '115_700b4996e0cd11fb0b43a7ec7cb9ad98.jpg'),
(445, '82_7aecefc64f70b6821107ae5caed647a1.jpg'),
(446, '82_2d9f55397a295d624ebb52cc67d33b78.jpg'),
(447, '115_ffe763d8bc5ba9c426849caa59622e6f.jpg'),
(448, '115_30daa692aa2e4d0a2f193a7ef2034762.jpg'),
(449, '115_5ee949fad39852e5076eb8bf1b254ae1.jpg'),
(453, '112_2f8db48fb3488886dcb80f892d9201b8.jpg'),
(454, '112_7dcdcf0361e9b6835ba74da2bf56bd80.jpg'),
(455, '112_1a0db55f70b1f9f672821cb5baf504cb.jpg'),
(456, '109_f76a6da10347ef9a5528f4e6338d9e66.jpg'),
(457, '109_9c73e6197151281c59da33db945d0eed.jpg'),
(458, '109_144660292a163b64ceed8dfc2d78245f.jpg'),
(459, '113_4c988b40fad635a533787de31441bf74.jpg'),
(460, '113_9b7323b3649f5b514c8d789447e254cd.jpg'),
(461, '115_94ad1717f236770aae53ed52c2688276.jpg'),
(462, '115_ab8ed505f0f6bdf62ff311067133bd18.jpg'),
(463, '111_96eb3c1e0a17b841a16bdc303043b202.jpg'),
(464, '111_d52e566e8ae682b923645497055e2f0c.jpg'),
(465, '116_95dcae2bf13752b6f78ffc44415e1397.jpg'),
(466, '117_c73085b44c48ca88f19ea40d3a2d97b5.jpg'),
(467, '117_632379e42d4d39f26fc2d0a23fd23858.jpg'),
(468, '118_aee801d7d5656bab6856b728f5294a53.jpg'),
(470, '120_e7fd58217918486ad17d75fb2ea8dbf8.jpg'),
(471, '120_6327a527b72d69561bbb95b0e933bf7b.jpg'),
(472, '120_7b9aa912adb1952387a34f830f5165ec.jpg'),
(473, '120_faf83d40144295b06d1684265a3d72e1.jpg'),
(474, '120_c473f31a835aedac16b0aa1d70fd79fc.jpg'),
(475, '120_6e820a5b08fd9e5eb533d6552837453c.jpg'),
(476, '121_76afcb9816d91aa2075cbc1aa0dd8c28.jpg'),
(477, '121_be16a80b8df5bff02e18b77af0a0db6b.jpg'),
(478, '121_6cb0ece990f88b2f7ea79e3cb549db4e.jpg'),
(479, '121_282b98d7ae425e874483fe84d31afafe.jpg'),
(480, '123_f33ff50c2b925a3e418bcaf86e7047d8.jpg'),
(481, '124_ce2e758900a5896939a5adbf3702d634.jpg'),
(482, '124_83c0bbc0e85c5efae0d374efd340b010.jpg'),
(483, '124_ac6b474be96be28895b22775024f97d7.jpg'),
(484, '124_f7c2a02cb80898797110dfa34e6f8619.jpg'),
(485, '124_6e4171062cacd601bf61d6490a5391d7.jpg'),
(486, '124_25dc28312cb63d6fd8ba488022d5e9bf.jpg'),
(487, '124_baf844e174b55cf24479125c938321c1.jpg'),
(488, '125_42c02368b67613c7c51d1b8ceede61b3.jpg'),
(489, '125_24677a5fe3d13e1a14478d01b7f54e71.jpg'),
(493, '125_f6ed71bbcf84b8d1acd7adc649189302.jpg'),
(494, '125_75a0b960eec1f796109d4a32acfb1765.jpg'),
(495, '125_c6741522348703e5ab4b1ce5fe69d2e5.jpg'),
(496, '123_4ff7f2f3870ca670621b351d7ece8ee3.jpg'),
(497, '123_3f6ea31f143d371368fa4ff280fe2e79.jpg'),
(498, '123_3788416c1e36c7e8f0a1b30933eb7b0f.jpg'),
(499, '110_1762fc9ced458f81ae16e00393da258c.jpg'),
(500, '110_e3db52576cf0947ae1f07fb1e5a36adc.jpg'),
(501, '110_491712b09fbecfc1682fe24c8fbe232b.jpg'),
(502, '110_e039b04fbe53ec7ff29778d0b3a6f9c3.jpg'),
(504, '126_b0bf0067b52074b9a2b247d0bc5b8fae.jpg'),
(505, '126_c8b16e09063faa133bfd4d0c0ccbb96b.jpg'),
(506, '126_702da1f474230cd57ae49ecd8288de5d.jpg'),
(507, '126_cdeacf222932733761a3e5cee5afb78a.jpg'),
(508, '126_f628346563aaae2507ad727b248015a9.jpg'),
(509, '126_f1394b4ea999e91f7feb58406d5a8750.jpg'),
(510, '126_240acd939cf51c5d3884e223030a0c60.jpg'),
(511, '126_23d249a0c708b0ff02b524200ffeac3f.jpg'),
(512, '126_02f8bf981de9bb2ebfeabfc17c8d2b40.jpg'),
(513, '126_8d1909516a57d4c48cf12062356d0617.jpg'),
(514, '126_6abaeae0ba4584dbb0e45916a49c5b96.jpg'),
(515, '126_69d5885aa03673893a25f97acf9d783c.jpg'),
(516, '127_d608cfe22784debfd2ab7f9cb2da2fa4.jpg'),
(517, '127_c16249f87c5c180cfd092968f14f8a27.jpg'),
(518, '127_ff309ebb880843b20aba40f013433cb6.jpg'),
(519, '127_28d9780a24d52e7967e6fe7b1c540baf.jpg'),
(520, '114_e04285792f5afb18539de0d20d04344e.jpg'),
(521, '114_1e5e70acc3e9a8caa61ba3fac48fad6a.jpg'),
(522, '114_5716edc79f18a6563c00f03d5559ce44.jpg'),
(523, '114_99bc99df4eacc1cb32e5fb9e7f4a4e0c.jpg'),
(524, '114_a161ddcbb373823de757393f9eb858fa.jpg'),
(525, '128_8ad0c693304e1f6772bdbeac787c19b9.jpg'),
(526, '128_d43c6b43e05a2c445bdc95788767cb1c.jpg'),
(527, '128_998944e2d831948d07e7c3f42c12a0b0.jpg'),
(528, '128_fa77bd4e5304253b2f532d384616235b.jpg'),
(529, '128_56552863d43ecac4545420ddf6b3c412.jpg'),
(530, '129_e8ff59f814f28d676ce123d42039904d.jpg'),
(531, '129_b0937f42851db1ee55d591ef4442dcf6.jpg'),
(532, '129_3e48cfc1ee0365780db929763356a92b.jpg'),
(533, '129_b91e2cf795abe1e5d552b0f99e1e51d1.jpg'),
(534, '129_bfa91c14f7fc7b25c203e3843e7543ad.jpg'),
(535, '130_ffec1cdd14605df52040fae0ec673dce.jpg'),
(536, '130_d16a7bfa76cf9e1bd53df04e7683bf7d.jpg'),
(537, '130_3991b9a1681939d5bf8aa92515efcf76.jpg'),
(538, '130_a8b1dcf8e5d47ef18b63d13e582ebf2f.jpeg');

-- 
-- Вывод данных для таблицы Pictures_Products
--
INSERT INTO Pictures_Products VALUES
(38, 38, 5, True),
(39, 39, 5, False),
(40, 40, 5, False),
(41, 41, 5, False),
(42, 42, 5, False),
(43, 43, 4, True),
(44, 44, 4, False),
(45, 45, 4, False),
(47, 47, 6, True),
(48, 48, 6, False),
(49, 49, 6, False),
(50, 50, 6, False),
(51, 51, 6, False),
(52, 52, 6, False),
(53, 53, 6, False),
(54, 54, 3, True),
(55, 55, 3, False),
(56, 56, 3, False),
(57, 57, 2, True),
(58, 58, 2, False),
(61, 61, 7, True),
(62, 62, 7, False),
(63, 63, 7, False),
(64, 64, 8, True),
(65, 65, 8, False),
(66, 66, 8, False),
(67, 67, 8, False),
(68, 68, 9, False),
(69, 69, 9, False),
(70, 70, 10, False),
(72, 72, 10, False),
(78, 78, 12, True),
(79, 79, 12, False),
(80, 80, 12, False),
(81, 81, 12, False),
(82, 82, 12, False),
(87, 87, 13, True),
(88, 88, 13, False),
(89, 89, 13, False),
(93, 93, 14, False),
(94, 94, 14, False),
(97, 97, 15, True),
(100, 100, 16, True),
(101, 101, 16, False),
(102, 102, 16, False),
(103, 103, 16, False),
(104, 104, 17, True),
(105, 105, 17, False),
(106, 106, 17, False),
(107, 107, 18, True),
(108, 108, 18, False),
(109, 109, 18, False),
(110, 110, 19, True),
(113, 113, 19, False),
(114, 114, 19, False),
(116, 116, 14, False),
(117, 117, 20, True),
(118, 118, 20, False),
(119, 119, 20, False),
(120, 120, 20, False),
(123, 123, 21, False),
(126, 126, 21, True),
(129, 129, 21, False),
(131, 131, 21, False),
(132, 132, 22, True),
(133, 133, 22, False),
(134, 134, 22, False),
(135, 135, 22, False),
(140, 140, 23, True),
(141, 141, 23, False),
(142, 142, 23, False),
(143, 143, 23, False),
(144, 144, 23, False),
(148, 148, 24, True),
(149, 149, 24, False),
(150, 150, 24, False),
(153, 153, 26, False),
(154, 154, 26, False),
(155, 155, 26, True),
(156, 156, 27, False),
(157, 157, 27, False),
(158, 158, 27, False),
(159, 159, 28, False),
(160, 160, 28, False),
(161, 161, 28, True),
(164, 164, 29, True),
(165, 165, 29, False),
(166, 166, 29, False),
(168, 168, 25, False),
(169, 169, 25, False),
(170, 170, 25, True),
(171, 171, 27, True),
(172, 172, 28, False),
(173, 173, 30, False),
(174, 174, 30, False),
(178, 178, 31, False),
(179, 179, 31, False),
(180, 180, 32, True),
(181, 181, 32, False),
(182, 182, 32, False),
(183, 183, 33, False),
(184, 184, 33, True),
(187, 187, 34, False),
(188, 188, 34, False),
(189, 189, 34, True),
(190, 190, 35, True),
(191, 191, 35, False),
(192, 192, 35, False),
(193, 193, 30, True),
(194, 194, 36, False),
(195, 195, 36, False),
(196, 196, 37, False),
(197, 197, 37, False),
(198, 198, 38, True),
(199, 199, 38, False),
(200, 200, 38, False),
(201, 201, 38, False),
(202, 202, 39, True),
(203, 203, 39, False),
(204, 204, 39, False),
(205, 205, 39, False),
(206, 206, 40, True),
(207, 207, 40, False),
(208, 208, 40, False),
(209, 209, 40, False),
(210, 210, 41, False),
(211, 211, 41, False),
(212, 212, 41, True),
(213, 213, 41, False),
(214, 214, 41, False),
(215, 215, 42, True),
(216, 216, 42, False),
(217, 217, 43, False),
(218, 218, 43, False),
(219, 219, 43, True),
(220, 220, 43, False),
(221, 221, 44, True),
(222, 222, 44, False),
(223, 223, 44, False),
(224, 224, 44, False),
(225, 225, 45, False),
(226, 226, 45, True),
(227, 227, 45, False),
(228, 228, 46, False),
(229, 229, 46, False),
(230, 230, 47, True),
(231, 231, 47, False),
(232, 232, 47, False),
(233, 233, 47, False),
(234, 234, 47, False),
(235, 235, 48, True),
(236, 236, 48, False),
(237, 237, 48, False),
(238, 238, 49, True),
(239, 239, 49, False),
(240, 240, 49, False),
(241, 241, 49, False),
(242, 242, 50, False),
(243, 243, 50, False),
(244, 244, 50, False),
(245, 245, 51, True),
(246, 246, 52, True),
(247, 247, 53, True),
(248, 248, 53, False),
(250, 250, 54, False),
(251, 251, 54, False),
(252, 252, 54, False),
(253, 253, 54, True),
(254, 254, 55, True),
(255, 255, 55, False),
(256, 256, 55, False),
(257, 257, 55, False),
(258, 258, 55, False),
(259, 259, 56, False),
(260, 260, 56, True),
(261, 261, 56, False),
(262, 262, 56, False),
(263, 263, 56, False),
(264, 264, 57, True),
(265, 265, 52, False),
(266, 266, 52, False),
(267, 267, 52, False),
(268, 268, 58, True),
(269, 269, 58, False),
(270, 270, 58, False),
(271, 271, 59, True),
(272, 272, 60, True),
(273, 273, 61, True),
(274, 274, 61, False),
(275, 275, 61, False),
(276, 276, 61, False),
(277, 277, 62, True),
(278, 278, 62, False),
(279, 279, 62, False),
(280, 280, 62, False),
(281, 281, 63, False),
(282, 282, 63, True),
(283, 283, 63, False),
(284, 284, 63, False),
(285, 285, 73, True),
(286, 286, 73, False),
(288, 288, 74, True),
(289, 289, 74, False),
(290, 290, 2, False),
(291, 291, 2, False),
(292, 292, 2, False),
(293, 293, 75, True),
(294, 294, 75, False),
(295, 295, 76, True),
(300, 300, 76, False),
(301, 301, 81, True),
(302, 302, 82, True),
(303, 303, 83, True),
(304, 304, 46, True),
(305, 305, 46, False),
(306, 306, 84, True),
(307, 307, 84, False),
(309, 309, 84, False),
(310, 310, 84, False),
(311, 311, 85, False),
(312, 312, 85, False),
(313, 313, 85, False),
(316, 316, 10, True),
(317, 317, 54, False),
(318, 318, 54, False),
(320, 320, 86, True),
(321, 321, 37, True),
(322, 322, 87, False),
(323, 323, 87, True),
(324, 324, 14, True),
(325, 325, 14, False),
(326, 326, 33, False),
(327, 327, 33, False),
(329, 329, 81, False),
(332, 332, 90, True),
(333, 333, 90, False),
(334, 334, 90, False),
(335, 335, 90, False),
(336, 336, 89, True),
(337, 337, 88, True),
(338, 338, 86, False),
(339, 339, 91, True),
(340, 340, 50, True),
(341, 341, 88, False),
(342, 342, 85, False),
(344, 344, 85, True),
(345, 345, 91, False),
(346, 346, 91, False),
(347, 347, 91, False),
(348, 348, 89, False),
(349, 349, 89, False),
(350, 350, 92, True),
(351, 351, 92, False),
(352, 352, 92, False),
(353, 353, 92, False),
(354, 369, 83, False),
(355, 370, 83, False),
(356, 371, 83, False),
(357, 372, 94, True),
(358, 373, 94, False),
(361, 376, 36, True),
(362, 377, 95, True),
(363, 378, 95, False),
(364, 379, 95, False),
(365, 380, 95, False),
(366, 381, 96, True),
(367, 382, 96, False),
(368, 383, 96, False),
(369, 384, 96, False),
(370, 385, 96, False),
(371, 386, 9, True),
(372, 387, 9, False),
(373, 388, 96, False),
(374, 389, 96, False),
(375, 390, 97, False),
(376, 391, 97, False),
(377, 392, 97, False),
(378, 393, 97, False),
(379, 394, 14, False),
(380, 395, 14, False),
(381, 396, 10, False),
(382, 397, 10, False),
(383, 398, 10, False),
(384, 399, 98, True),
(385, 400, 98, False),
(386, 401, 98, False),
(387, 402, 98, False),
(388, 403, 98, False),
(389, 404, 99, True),
(390, 405, 99, False),
(391, 406, 100, True),
(392, 407, 101, True),
(393, 408, 102, True),
(394, 409, 103, True),
(395, 410, 103, False),
(396, 411, 104, True),
(397, 412, 102, False),
(398, 413, 105, False),
(399, 414, 105, True),
(400, 415, 97, True),
(401, 416, 106, True),
(402, 417, 107, True),
(404, 419, 107, False),
(405, 420, 107, False),
(406, 421, 107, False),
(407, 422, 107, False),
(408, 423, 107, False),
(409, 424, 108, True),
(410, 425, 108, False),
(411, 426, 108, False),
(412, 427, 108, False),
(413, 428, 100, False),
(414, 429, 100, False),
(415, 430, 100, False),
(416, 431, 109, True),
(417, 432, 109, False),
(418, 433, 109, False),
(419, 434, 106, False),
(420, 435, 110, True),
(421, 436, 111, True),
(422, 437, 111, False),
(423, 438, 112, True),
(424, 439, 113, True),
(425, 440, 113, False),
(426, 441, 114, False),
(427, 442, 114, False),
(428, 443, 115, True),
(429, 444, 115, False),
(430, 445, 82, False),
(431, 446, 82, False),
(432, 447, 115, False),
(433, 448, 115, False),
(434, 449, 115, False),
(438, 453, 112, False),
(439, 454, 112, False),
(440, 455, 112, False),
(441, 456, 109, False),
(442, 457, 109, False),
(443, 458, 109, False),
(444, 459, 113, False),
(445, 460, 113, False),
(446, 461, 115, False),
(447, 462, 115, False),
(448, 463, 111, False),
(449, 464, 111, False),
(450, 465, 116, True),
(451, 466, 117, False),
(452, 467, 117, True),
(453, 468, 118, True),
(455, 470, 120, False),
(456, 471, 120, False),
(457, 472, 120, False),
(458, 473, 120, False),
(459, 474, 120, False),
(460, 475, 120, True),
(461, 476, 121, True),
(462, 477, 121, False),
(463, 478, 121, False),
(464, 479, 121, False),
(465, 480, 123, True),
(466, 481, 124, True),
(467, 482, 124, False),
(468, 483, 124, False),
(469, 484, 124, False),
(470, 485, 124, False),
(471, 486, 124, False),
(472, 487, 124, False),
(473, 488, 125, False),
(474, 489, 125, True),
(478, 493, 125, False),
(479, 494, 125, False),
(480, 495, 125, False),
(481, 496, 123, False),
(482, 497, 123, False),
(483, 498, 123, False),
(484, 499, 110, False),
(485, 500, 110, False),
(486, 501, 110, False),
(487, 502, 110, False),
(489, 504, 126, False),
(490, 505, 126, True),
(491, 506, 126, False),
(492, 507, 126, False),
(493, 508, 126, False),
(494, 509, 126, False),
(495, 510, 126, False),
(496, 511, 126, False),
(497, 512, 126, False),
(498, 513, 126, False),
(499, 514, 126, False),
(500, 515, 126, False),
(501, 516, 127, False),
(502, 517, 127, False),
(503, 518, 127, True),
(504, 519, 127, False),
(505, 520, 114, True),
(506, 521, 114, False),
(507, 522, 114, False),
(508, 523, 114, False),
(509, 524, 114, False),
(510, 525, 128, False),
(511, 526, 128, False),
(512, 527, 128, False),
(513, 528, 128, True),
(514, 529, 128, False),
(515, 530, 129, False),
(516, 531, 129, False),
(517, 532, 129, False),
(518, 533, 129, True),
(519, 534, 129, False),
(520, 535, 130, True),
(521, 536, 130, False),
(522, 537, 130, False),
(523, 538, 130, False);

-- 
-- Вывод данных для таблицы Products
--
INSERT INTO Products VALUES
(129, 'Sab Judi', 3200, 3200, 'шифоновое платье', 0, '<p>Шифоновый верх с баской,пояс из золота, юбка из трикотажа</p>', '2015-07-16 18:41:50', '2015-07-22 15:02:38', 7),
(2, 'Style 27-49', 3800, 4400, '243', 1, '<p>Стильное, струящееся платье из шифона, с укороченным передом и поясом из камней, для девушек ценящих простоту.</p>', NULL, '2015-07-22 15:15:05', 17),
(3, 'Style 27-08', 10000, 10000, '243', 1, '<p>Шикарное платье, усыпанное жемчугом и камнями,  спина оформлена глубоким вырезом, бантом и шлейфом</p>', NULL, '2015-07-22 14:59:54', 15),
(128, 'Sab Selena1', 3200, 3200, '243', 0, '<p>Легкое комфортное платье для дам с пышными формами, верх выполнен из шифона, горловина оконтована ожерельем, фасон-напуск скроет недостатки фигуры</p>', '2015-07-16 18:29:47', '2015-07-22 14:33:22', 9),
(5, 'Style 21-11 черн. гипюр', 5600, 7000, '243', 1, '<p>Контрастное вечерние платье с черным гипюром и ажурной лентой, украшенной бисером. Встроенный пушап, съемные регулируемые лямки, внутренняя основа имеет прорезиненную ленту.<span></span></p>', NULL, '2015-07-22 15:06:49', 28),
(6, 'Style 24-04', 5600, 6000, '243', 0, '<p>Модный фасон платья с укороченным передом, выполнен из жесткой сетки.</p>', NULL, '2015-07-22 15:15:43', 44),
(8, 'Style 29-01+болеро', 4400, 6600, '243', 0, '<p>Если вы хотите произвести впечатление, то остановите свой выбор на этом платье, удачное сочетание гипюра, атласа и шифона не оставит Вас без внимания на любом торжестве.</p>', NULL, '2015-07-22 15:45:51', 19),
(9, 'Style 27-11', 6600, 6600, '243', 0, '<p>Контрастное платье из шифона и черного атласа, выполненного в технике "выжег"</p>', NULL, '2015-07-22 14:57:11', 16),
(112, 'Style 29-29', 8000, 8000, '243', 0, '<p>Шикарное платье из гипюра и фатина, верх расшит жемчугом</p>', '2015-06-10 14:36:08', '2015-07-22 15:12:49', 5),
(11, 'Style 28-26', 6600, 7000, '243', 0, '<p>Стильный фасон, выгодно подчеркивающий Вашу фигуру, платье оформлено лэйсами, украшенными матовыми камнями, экстравагантный вырез на спине завершает образ.</p>', NULL, '2015-07-22 14:36:34', 1),
(12, 'Style 28-67', 6600, 7000, '243', 1, '<p>Данная модель платья замечательно подойдет для девушек, отдающих предпочтение локоничному стилю. Модель выполнена из крепа, оформлена вырезами с сеткой и камнями, на талии вставки-баска. На спине круглый вырез.</p>', NULL, '2015-07-22 15:15:48', 15),
(13, 'Style 28-86', 3800, 6600, '243', 1, '<p>Вечернее платье из объемного богатого гипюра, нетребующего страз и камней, юбка выполнена из шифона. Модель с открытой спиной. </p>', NULL, '2015-07-22 14:39:38', 13),
(14, 'Style 29-28', 4400, 6600, '243', 1, '<p>Вечерние платье в бальном стиле, строгий фасон для девушек, предпочитающих лаконичный стиль. </p>', NULL, '2015-07-22 15:02:45', 30),
(15, 'Style 29-38  рукав3/4', 4800, 7500, '243', 1, '<p>Вечернее платье из гипюра, фасон выгодно подчеркнет Вашу фигуру, а открытая спина придаст шарм</p>', NULL, '2015-07-22 14:53:03', 12),
(117, 'Style 27-74', 10000, 10000, '243', 0, '<p>Вечернее платье из стрейчивого крепа и ввставками по бокам из сетки, усыпанной камнями</p>', '2015-06-25 19:16:46', '2015-07-22 15:58:47', 12),
(118, 'Style 28-08', 6600, 7600, '243', 0, '<p>контрастное платье с ожерельем из жемчуга и камней</p>', '2015-06-25 21:36:58', '2015-07-22 14:34:10', 13),
(121, 'Style 27-75 (мягк.гипюр)', 7000, 7000, '243', 0, '<p>Вечернее платье романтичного фасона, верх выполнен из гипюра, украшенного мелкими стразами, низ из шифона. Драпировка по центру позволяет скрыть недостатки фигуры<span></span></p>', '2015-06-29 14:53:22', '2015-07-22 15:09:13', 9),
(18, 'Style 21-02', 6600, 6600, '243', 0, '<p>Атласное платье со шлейфом, контрастно оформлено черными вставками под грудью и широкими лямкама на крест на спине.</p>', NULL, '2015-07-22 16:08:03', 10),
(19, 'Style 26-19+рукав', 7000, 7000, '243', 0, '<p>Струящееся платье из турецкого трикотажа с переходом цвета, комфортная модель для полных дам</p>', NULL, '2015-07-22 15:11:55', 18),
(20, 'Style 28-56', 2800, 5800, '243', 1, '<p>Строгое, но  в тоже время экстравагантное платье для девушек, желающих подчеркнуть достоинства своей фигуры</p>', NULL, '2015-07-22 16:21:30', 19),
(21, 'Style 22-68', 5000, 6000, '243', 0, '<p>Шифоновое вечернее  платье с рукавами из тонкого атласа,  платье дикорировано брошью из камней и драпировкой под грудью</p>', NULL, '2015-07-22 15:04:08', 16),
(126, 'Style 32-39', 7600, 7600, '243', 1, '<p>Вечернее платье для девушек, предпочитающих делать акцент на спине, экстравагантный вырез, оформленный жемчугом и стразами привлечет к Вам внимание<span></span></p>', '2015-07-15 21:16:37', '2015-07-22 15:01:32', 5),
(23, 'Style 21-83', 2400, 4400, '243', 0, '<p>Коктейльное платье из турецкого трикотажа полностью задрапированно, что позволит Вам чувствовать себя комфортно на любом мероприятии</p>', NULL, '2015-07-22 15:46:01', 26),
(24, 'Style 23-08', 1500, 3800, '243', 1, '<p>Коктейльное платье для любителей классического сочетания цветов черного и белого, модель выполнена из атласа и декорирована камнями, внутренняя часть платья в области лифа прорезинена, что позволяет носить его без бретелек, которые прилагаются</p>', NULL, '2015-07-22 15:02:43', 18),
(25, 'Style 21-94', 1800, 3300, '243', 0, '<p>Стильное платье из гипюра, спина оформлена молнией и широкими лямками из резинок</p>', NULL, '2015-07-22 14:57:08', 14),
(26, 'Style 23-28', 3300, 5000, '243', 0, '<p>Атласное коктейльное платье, выполненное в контрастной цветовой гамме, пояс оформлен широким черным и гипюром</p>', NULL, '2015-07-22 15:45:59', 23),
(27, 'Style 25-22', 2200, 4400, '243', 0, '<p>Элегантное платье из турецкого трикотажа полностью задрапировано, по правой стороне ажурная вставка, с бисером плавно поднимающаяся к лямкке</p>', NULL, '2015-07-22 15:09:48', 15),
(28, 'Style 25-66', 2600, 2600, '243', 0, '<p>Платье лаконичного фасона, выполненное из крепа в яркой цветовой гамме (модель на складе)</p>', NULL, '2015-07-22 16:21:52', 22),
(29, 'Style 24-46', 2200, 4400, '243', 0, '<p>Атласное платье на одно плечо, верх платья оформлен вышивкой с бисером и стеклярусом</p>', NULL, '2015-07-22 14:58:36', 11),
(30, 'Style 27-19', 3200, 4000, '243', 0, '<p>Стильное платье из крепа с баской, оформлено крупными бусами и камнями</p>', NULL, '2015-07-22 15:05:09', 11),
(31, 'Style 28-28', 2800, 2800, '243', 0, '<p>Элегантное платье из крепа классического покроя, горловина оформлена бусами и камнями</p>', NULL, '2015-07-22 14:34:43', 1),
(32, 'Style 28-69', 3200, 5000, '243', 0, '<p>Коктейльное платье с драпировкой на талии и отстегивающейся брошкой-розой</p>', NULL, '2015-07-22 16:21:44', 23),
(33, 'Style 28-70', 4800, 7500, '243', 0, '<p>Вечернее платье из гипюра с блестками, с круглым вырезом на спине и со шлейфом</p>', NULL, '2015-07-22 14:48:55', 23),
(34, 'Style 26-31', 7000, 7000, '243', 0, '<p>Замечательное вечернее платье для невесты с завышенной талией и гипюром на спине</p>', NULL, '2015-07-22 15:15:41', 16),
(35, 'Style 21-12', 4400, 7000, '243', 0, '<p>Вечернее платье из атласа и шифона, лиф оформлен гафрированным шифоном, лямки украшены камнями и бусами  на спине перекрещиваются</p>', NULL, '2015-07-22 14:42:05', 14),
(36, 'Style 27-98', 6000, 6000, '243', 0, '<p>Элегантное вечернее платье из белого крепа, оформленного по центру черным гипюром. Под грудью модель декорирована стразами. Экстравагантный вырез на спине завершает утонченный образ.</p>', NULL, '2015-07-22 15:00:08', 16),
(110, 'Style 29-27', 7000, 7000, '243', 0, '<p>Шифоновое платье в греческом сителе с завышенной талией, оформление выполено камнями. На спине шнуровка</p>', '2015-06-10 13:59:07', '2015-07-22 14:52:06', 8),
(111, 'Style 30-09', 7600, 7600, '243', 0, '<p>Платье романтичного фасона, верх выполнен из гипюра с нисподающими на плечи рукавами</p>', '2015-06-10 14:14:59', '2015-07-22 14:32:28', 11),
(38, 'Style 22-69+болеро', 6600, 6600, '243', 0, '<p>Платье выполненное из тяжелого атласа, придаст  Вам элегантность  и скроет недостатки фигуры, задрапированный лиф придает необычность фасону, а болеро удачно подойдет девушкам, предпочитающим закрывать плечи</p>', NULL, '2015-07-22 14:59:11', 12),
(39, 'Style 28-58рукав', 3800, 7500, '243', 0, '<p>Экстравагантное платье благородного цвета с рукавом, оформленное золотой вышивкой с камнями по горловине и под грудью.</p>', NULL, '2015-07-22 15:58:31', 28),
(40, 'Style 29-10', 3200, 5400, '243', 0, '<p>Коктейльное платье классического покроя, выполненного из крепа, изюминка модели заключается в декорировании спины камнями и стразами, которая оформлена из сетки</p>', NULL, '2015-07-22 16:21:32', 30),
(41, 'Style 28-22', 4800, 5600, '243', 0, '<p>Вечернее платье отлично подчеркивающее фигуру, платье усыпано жемчугом и стразами</p>', NULL, '2015-07-22 15:15:41', 30),
(42, 'Style 24-45', 2400, 3600, '243', 0, '<p>Нарядное платье, для девушек предпочитающих черный цвет, но желающих внести разнообразие ярким блеском. Платье выполнено из итальянского трикотажа, верх с легким напуском из сетки, под сеткой золотистая майка. </p>', NULL, '2015-07-22 16:07:38', 21),
(44, 'Style 20-40+болеро', 2800, 2800, '243', 0, '<p>Атласное платье с ярким принтом,  фасон футляр с двумя карманами, грудь задрапирована, регулируемые ламки. (модель на складе)</p>', NULL, '2015-07-22 16:21:38', 14),
(45, 'Style 20-71', 1800, 1800, '243', 0, '<p>Коктейльное платье, принт-аватар, лиф оформлен гафрированным бантом и серебристой вышивкой со стразами, встроенный пуш-ап и съемные регулиремые лямки</p>', NULL, '2015-07-22 15:07:07', 25),
(46, 'Style 29-14', 7500, 7500, '243', 0, '<p>Легкое воздушное платье , французский вырез удачно подчеркнет Вашу грудь. Под грудью и на плечах оформление выполнено из серебристой вышивки со стразами, шифоновый рукав свободного раскроя не будет сковывать плечи, на спине широкая резинка, что удачно подойдет дамам с пышными формами.</p>', NULL, '2015-07-22 15:02:59', 15),
(47, 'Style 25-96', 2800, 4400, '243', 0, '<p>Стильное ассиметричное платье, лямка на одно плечо, легкая сетка задрапирована по на груди и плавно переходит в запах на юбке. Переливающиеся стразы на плече принесут экстравагантность в Ваш образ</p>', NULL, '2015-07-22 15:10:23', 9),
(48, 'Style 20-80', 1400, 3600, '243', 0, '<p>Легкое шифоновое платье из множества гафрированных валанов, верх оформлен вышивкой в технике "выжег"</p>', NULL, '2015-07-22 15:45:06', 9),
(49, 'Style 22-13', 2600, 5200, '243', 0, '<p>Стильное платье на одно плечо из атласа, экстравагантно оформлено вырезом  в виде капли спереди и сзади, декорированными окантовкой из камней</p>', NULL, '2015-07-22 15:06:54', 9),
(50, 'Style 28-59', 4400, 7000, '243', 0, '<p>Элегантное платье из нежного гипюра с припущенным рукавом и аппликацией с камнями</p>', NULL, '2015-07-22 14:50:35', 14),
(51, 'Style 21-52', 3400, 3400, '243', 0, '<p>Гипюровое платье с пышной юбкой, отлично подойдет изящным девушкам</p>', NULL, '2015-07-22 14:56:51', 9),
(52, 'Style 30-29', 3600, 3600, '243', 0, '<p>Коктейльное платья классического покроя из богатого набивного гипюра</p>', NULL, '2015-07-22 14:55:02', 17),
(53, 'Style 29-63 рукав', 5600, 7000, '243', 0, '<p>Замечательный вариант для дам, предпочитающих элегантные закрытые платья. Верх выполнен из набивного гипюра, юбка из шифона</p>', NULL, '2015-07-22 14:33:46', 13),
(54, 'Style 27-26', 7600, 7600, '243', 0, '<p>Струящееся платье из шифона, V-образный вырез отлично подчеркнет грудь, золотистая вышивка с камнями делает платье торжественным. Замечательный выбор для юбилея, свадеб.</p>', NULL, '2015-07-22 16:21:34', 35),
(55, 'Style 28-80', 4400, 6000, '243', 0, '<p>Современное платье популярного фасона годе, выгодно подчеркнет фигуру, контрастное сочетание цветов предаст Вам изысканность, встроенный пуш ап подчеркнет грудь.</p>', NULL, '2015-07-22 15:58:35', 15),
(56, 'Style 31-21', 3300, 3300, '243', 0, '<p>Коктейльное платье сложного покроя, удачное сочетание набивного гипюра и сетки, платье для девушек, предпочитающих экстравагантность.</p>', NULL, '2015-07-22 15:50:29', 28),
(57, 'Style 21-60', 3000, 4800, '243', 0, '<p>Элегантное атласное платье для женщин, предпочитающих классический покрой, лиф оформлен черным гипюром, который контстрастно выглядет на белом фоне. </p>', NULL, '2015-07-22 15:45:45', 21),
(58, 'Style 25-49', 1100, 2800, '243', 0, '<p>Повседневное платье из итальянского трикотажа, легкое, дышащее стильное, подойдет для любого мероприятия</p>', NULL, '2015-07-22 15:51:55', 25),
(59, 'Style 25-69', 1100, 2800, '243', 0, '<p>Контрастное платье из  итальянского трикотажа, V-образный вырез подчеркнет Ваши достоинства</p>', NULL, '2015-07-22 14:51:34', 9),
(60, 'Style 25-61', 1100, 2800, '243', 0, '<p>Шифоновое платье-футляр с золотстым напылением, украшенное поясом-цепочкой</p>', NULL, '2015-07-22 15:04:29', 12),
(113, 'Style 31-85', 3800, 4400, '243', 0, '<p>Элегантное платье их гипюра с коротким рукавом</p>', '2015-06-10 14:45:32', '2015-07-22 15:58:39', 16),
(114, 'Style 32-32', 3800, 4400, '243', 0, '<p>Коктейльное платье с коротким рукавом из гипюра, пояс из атласа</p>', '2015-06-10 14:47:24', '2015-07-22 14:52:05', 6),
(62, 'Style 24-98', 1100, 2800, '243', 0, '<p>Повседневное платье модели футляр из итальянского трикотажа и гипюра.</p>', NULL, '2015-07-22 15:03:28', 8),
(63, 'Style 30-02', 4300, 4300, '243', 0, '<p>Яркое запомниающееся платье классического покроя, усыпанное переливающимися камнями.</p>', NULL, '2015-07-22 16:21:28', 20),
(109, 'Style 27-58', 6600, 6600, '243', 0, '<p>Струящееся платье из шифона с драпировкой на талии, сбоку украшенно цветами из шелка </p>', '2015-05-26 17:03:55', '2015-07-22 15:45:55', 8),
(127, 'Style 25-75', 6600, 6600, '243', 0, '<p>Шифоновое платье красота которого, заключается в декорировании верхней части драприровками и гафрированными вставками</p>', '2015-07-16 13:31:44', '2015-07-22 15:11:39', 8),
(90, 'Style 29-63', 5600, 7000, '243', 0, '<p>Замечательный вариант для дам, предпочитающих элегантные  платья без излишеств. Верх выполнен из набивного гипюра, юбка из шифона, на спине экстравагантный вырез.</p>', NULL, '2015-07-22 14:59:29', 20),
(115, '29-49', 7600, 7600, '243', 0, '<p>Платье полюбившегося фасона, верх выполнен из гипюра, оформленного мелкими старзами, низ коротка атласная юбка, сверху длинная юбка из шифона с разрезом по центру</p>', '2015-06-10 14:49:54', '2015-07-22 15:58:50', 12),
(94, 'Style 30-04', 6000, 7000, '243', 0, '<p>Романтичное платье из  шифона, верх выполнен из плотной телесной сетки, украшенной вышивкой в цвет юбки<span></span></p>', NULL, '2015-07-22 16:21:54', 19),
(96, 'Style 31-37', 5600, 6600, '243', 0, '<p>Стильное шифоновое платье для изящных девушек, верх мелко задрапированн и оформленн камнями, внутри юбка короткая, сверху с разрезом по ноге струится длинная юбка</p>', NULL, '2015-07-22 16:21:56', 18),
(73, 'Style 601', 3600, 3600, '243', 0, '<p>Коктейльное платье из атласа сложного покроя с коротким рукавом, неболшая баска и бант скроет недостатки фигуры.</p>', NULL, '2015-07-22 15:15:21', 15),
(74, 'Style 27-27', 4400, 4400, '243', 0, '<p>Легкое шифоновое платье с воротником из камней и серебристым поясом.</p>', NULL, '2015-07-22 14:45:49', 22),
(75, 'Style  28-15', 3600, 3600, '243', 0, '<p>Коктейльное платье с пышной юбкой и отстегивающейся брошью-цветком</p>', NULL, '2015-07-22 15:46:49', 15),
(76, 'Style 31-53', 4200, 4200, '243', 0, '<p>Популярное пышное платье из гипюра на жесткой основе, придаст Вам утноченность и изящность. </p>', NULL, '2015-07-22 14:33:20', 16),
(82, 'Style 31-19', 4800, 4800, '243', 0, '<p>Вечерние платье с пышной юбкой в пол, пояс выполнен из атласа</p>', NULL, '2015-07-22 15:04:35', 16),
(83, 'Style 29-96', 7000, 7000, '243', 0, '<p>Платье из шифона и гипюра с глубоким вырезом, дикорированным сеткой с камнями и жемчугом</p>', NULL, '2015-07-22 16:21:18', 20),
(84, 'Style 28-73', 7000, 7000, '243', 0, '<p>Струящееся платье из трикотажа с расцветкой "радуга", под грудью широкая лента из вышивки и камней, спина из сетки обрамлена качельками</p>', NULL, '2015-07-22 15:05:07', 15),
(85, 'Style 30-66', 7200, 7200, '243', 0, '<p>Струящееся платье из шифона, подчеркивающеее силуэт и золотого набитого гипюра</p>', NULL, '2015-07-22 15:05:02', 22),
(86, 'Style 26-97рукав', 7000, 7000, '243', 0, '<p>Шифоновое платье задрапированное на бок на талии, на плечах оформление  жемчугум и камнями</p>', NULL, '2015-07-22 15:44:36', 10),
(119, 'Style 26-97', 6600, 6600, '243', 0, '<p>нежное платье из шифона с драпировкой под грудью, сбоку и на плечах вышивка из жемчуга и страз</p>', '2015-06-25 21:48:34', '2015-07-22 15:03:13', 1),
(120, 'Style 27-75', 7000, 7000, '243', 0, '<p>Вечернее платье романтичного фасона, верх выполнен из гипюра, украшенного мелкими стразами, низ из шифона. Драпировка по центру позволяет скрыть недостатки фигуры</p>', '2015-06-29 14:46:53', '2015-07-22 15:12:21', 11),
(99, 'Style 32-01', 5600, 5600, '243', 0, '<p>Вечернее платье из обливного шифона для девушек, предпочитающих лаконичные фасоны</p>', NULL, '2015-07-22 14:44:24', 6),
(100, 'Style 30-22', 7200, 7200, '243', 0, '<p>Стильное платье, сосотоящее из короткого и длинного-прозрачного из набивной вышивки на сетке, украшенной стеклярусом и бисером</p>', NULL, '2015-07-22 16:21:48', 14),
(101, 'Style 31-84', 4800, 4800, '243', 0, '<p>Элегантное платье из гипюра, сверху воздушная юбка из оюливного шифона, от груди по центру разрез</p>', NULL, '2015-07-22 14:50:29', 8),
(122, 'Style 27-68', 4200, 4200, '243', 0, '<p>коктейльное платье из шифона и атласа, выполненного в технике выжег</p>', '2015-06-29 14:58:17', '2015-07-22 15:10:22', 1),
(104, 'Style 22-79', 2800, 3600, '243', 0, '<p>Шифоновое платье, украшенное сбоку цветами из ткани</p>', NULL, '2015-07-22 14:59:48', 11),
(107, 'Style 30-30', 9600, 9600, '243', 0, '<p>Пышное платье из  фатина, украшенное поясом из мелких камней. Благодаря шнуровке на спине платье с легкостью подгоняется по фигуре</p>', '2015-05-12 19:03:11', '2015-07-22 15:31:26', 12),
(108, 'Style 31-19 короткое', 3800, 3800, '243', 0, '<p>Пышное платье с коротким рукавом</p>', '2015-05-19 19:34:57', '2015-07-22 14:40:38', 8),
(123, 'Style 32-36', 4200, 4200, '243', 0, '<p>элегантное платье из атласа и гипюра, отлично подойдет как на юбилей так и на свадьбу</p>', '2015-06-29 15:02:56', '2015-07-22 15:44:44', 14),
(124, 'Style 30-26', 7200, 7200, '243', 0, '<p>Утонченное платье для девушек, предпочитающих лаконичность. Модель выполенна из короткого атласного платья и длинного из гипюра, украшенного стеклярусом.</p>', '2015-06-29 15:06:31', '2015-07-22 15:11:24', 8),
(125, 'Style 27-68', 4200, 4200, '243', 0, '<p>Кокетливое платье из шифона, верх выплнен из атласа в технике выжег</p>', '2015-07-03 10:32:52', '2015-07-22 15:58:43', 12),
(130, 'Style 29-38', 7600, 7600, 'гипюровое платье', 0, '<p>Если Вы устали от платьев сложного покроя, то остановите свой выбор на гипюровом платье фасона-рыбка, изюминка платья-открытая спина </p>', '2015-07-21 18:05:20', '2015-07-22 09:03:52', 5);

-- 
-- Вывод данных для таблицы Products_Template
--
INSERT INTO Products_Template VALUES
(340, 96, 3, 15),
(305, 2, 17, 3),
(276, 98, 2, 7),
(263, 4, 2, 4),
(5, 4, 2, 3),
(317, 108, 15, 3),
(400, 5, 9, 3),
(8, 5, 11, 4),
(402, 126, 2, 5),
(333, 112, 2, 1),
(398, 5, 18, 4),
(403, 126, 2, 6),
(14, 6, 11, 4),
(15, 6, 2, 4),
(16, 6, 8, 4),
(17, 3, 1, 1),
(18, 3, 1, 3),
(326, 7, 2, 4),
(325, 7, 2, 3),
(259, 8, 11, 4),
(22, 8, 11, 3),
(260, 20, 5, 3),
(24, 9, 11, 1),
(25, 9, 11, 3),
(26, 9, 11, 4),
(27, 10, 2, 6),
(28, 10, 2, 7),
(29, 10, 2, 8),
(246, 94, 3, 3),
(247, 94, 3, 4),
(32, 11, 5, 4),
(33, 12, 3, 4),
(347, 47, 3, 4),
(348, 12, 3, 5),
(36, 13, 5, 5),
(239, 91, 2, 5),
(38, 14, 2, 4),
(275, 98, 2, 6),
(376, 111, 3, 3),
(328, 110, 2, 3),
(334, 112, 2, 3),
(183, 15, 3, 1),
(281, 100, 13, 3),
(329, 109, 2, 1),
(46, 17, 3, 8),
(47, 18, 2, 5),
(48, 18, 2, 6),
(238, 19, 5, 10),
(237, 19, 5, 9),
(51, 20, 4, 1),
(52, 20, 4, 3),
(230, 21, 5, 7),
(54, 22, 3, 1),
(345, 76, 15, 15),
(319, 109, 3, 4),
(57, 23, 2, 1),
(58, 23, 2, 3),
(59, 23, 2, 4),
(60, 23, 2, 5),
(61, 23, 3, 1),
(62, 23, 3, 3),
(63, 23, 3, 4),
(64, 23, 3, 5),
(65, 23, 9, 1),
(66, 23, 9, 3),
(67, 23, 9, 4),
(68, 23, 9, 5),
(69, 24, 1, 3),
(70, 24, 1, 4),
(71, 24, 1, 5),
(72, 25, 1, 5),
(371, 116, 6, 8),
(74, 26, 1, 8),
(75, 27, 10, 4),
(76, 27, 10, 5),
(77, 28, 13, 4),
(78, 29, 3, 3),
(79, 29, 3, 5),
(335, 112, 2, 4),
(81, 30, 4, 4),
(82, 31, 3, 8),
(385, 121, 2, 1),
(84, 32, 4, 7),
(85, 32, 4, 8),
(86, 33, 6, 3),
(424, 130, 2, 3),
(88, 33, 6, 5),
(314, 34, 2, 5),
(352, 114, 18, 3),
(304, 2, 17, 15),
(92, 35, 2, 3),
(93, 35, 2, 5),
(94, 36, 2, 3),
(95, 36, 2, 4),
(372, 117, 1, 4),
(97, 37, 2, 1),
(98, 37, 2, 3),
(99, 37, 2, 4),
(368, 38, 3, 3),
(101, 38, 3, 5),
(102, 39, 7, 3),
(103, 39, 7, 4),
(104, 39, 7, 5),
(380, 120, 2, 7),
(378, 40, 4, 4),
(379, 120, 2, 6),
(108, 40, 4, 5),
(164, 57, 1, 4),
(110, 41, 3, 3),
(332, 111, 2, 4),
(344, 82, 10, 4),
(377, 111, 3, 4),
(114, 41, 5, 3),
(115, 41, 5, 4),
(401, 126, 2, 4),
(117, 42, 1, 8),
(118, 42, 1, 7),
(119, 42, 1, 9),
(120, 43, 4, 6),
(121, 43, 4, 7),
(122, 43, 4, 8),
(123, 43, 2, 6),
(124, 43, 2, 7),
(125, 43, 2, 8),
(126, 44, 13, 4),
(127, 44, 13, 5),
(128, 45, 13, 1),
(129, 45, 13, 3),
(130, 45, 13, 4),
(131, 46, 2, 5),
(132, 46, 2, 6),
(133, 46, 2, 7),
(346, 47, 3, 1),
(135, 48, 2, 3),
(180, 73, 6, 9),
(341, 96, 3, 3),
(138, 49, 11, 5),
(139, 50, 2, 1),
(140, 50, 2, 3),
(141, 50, 2, 4),
(142, 50, 2, 5),
(143, 51, 2, 1),
(144, 51, 2, 3),
(178, 63, 4, 3),
(146, 52, 3, 7),
(147, 52, 3, 8),
(280, 100, 13, 1),
(149, 53, 3, 5),
(150, 53, 3, 6),
(151, 53, 3, 7),
(152, 54, 2, 9),
(156, 55, 4, 3),
(155, 55, 4, 1),
(157, 55, 4, 4),
(158, 56, 4, 1),
(159, 56, 4, 3),
(160, 56, 4, 4),
(320, 109, 3, 5),
(330, 111, 2, 1),
(331, 111, 2, 3),
(165, 57, 1, 5),
(166, 57, 1, 6),
(186, 74, 6, 9),
(168, 58, 1, 5),
(169, 58, 3, 5),
(170, 58, 3, 3),
(171, 59, 4, 5),
(172, 60, 2, 3),
(173, 60, 2, 4),
(174, 60, 2, 5),
(175, 61, 2, 8),
(176, 62, 11, 3),
(177, 62, 11, 5),
(179, 63, 4, 4),
(181, 73, 6, 10),
(184, 15, 3, 3),
(185, 15, 3, 4),
(187, 74, 3, 6),
(188, 74, 3, 7),
(366, 2, 2, 3),
(367, 85, 10, 5),
(191, 75, 11, 3),
(355, 115, 18, 3),
(284, 76, 10, 3),
(197, 77, 3, 11),
(198, 81, 3, 11),
(307, 105, 17, 4),
(342, 82, 10, 1),
(351, 114, 18, 1),
(301, 99, 15, 3),
(204, 83, 2, 4),
(308, 106, 10, 3),
(425, 130, 2, 4),
(208, 84, 3, 8),
(370, 116, 6, 7),
(324, 76, 2, 1),
(214, 85, 10, 6),
(218, 54, 2, 7),
(219, 54, 4, 6),
(313, 107, 2, 1),
(296, 54, 4, 8),
(222, 54, 4, 9),
(223, 86, 2, 7),
(224, 86, 2, 8),
(225, 87, 1, 3),
(226, 88, 2, 1),
(227, 88, 2, 3),
(228, 89, 2, 3),
(229, 89, 2, 5),
(231, 21, 5, 8),
(232, 21, 5, 9),
(369, 90, 3, 4),
(374, 119, 6, 3),
(235, 90, 2, 4),
(384, 120, 3, 8),
(309, 106, 10, 4),
(321, 92, 18, 15),
(310, 106, 10, 5),
(316, 108, 15, 1),
(248, 95, 2, 1),
(262, 20, 4, 4),
(350, 113, 2, 1),
(252, 96, 2, 1),
(363, 96, 2, 15),
(315, 107, 2, 3),
(339, 96, 3, 1),
(381, 120, 2, 8),
(265, 16, 3, 4),
(383, 120, 3, 7),
(267, 97, 4, 3),
(268, 14, 10, 1),
(269, 14, 10, 3),
(270, 14, 10, 4),
(271, 14, 10, 5),
(272, 10, 3, 6),
(273, 10, 3, 7),
(274, 10, 3, 8),
(282, 100, 13, 4),
(322, 92, 18, 15),
(286, 101, 2, 3),
(287, 101, 2, 4),
(373, 118, 3, 5),
(289, 102, 2, 1),
(353, 114, 18, 4),
(291, 103, 13, 15),
(292, 103, 13, 1),
(293, 103, 13, 3),
(294, 104, 10, 5),
(295, 104, 10, 6),
(362, 108, 15, 15),
(357, 115, 18, 5),
(358, 115, 2, 1),
(359, 115, 2, 3),
(360, 115, 2, 4),
(361, 115, 2, 5),
(386, 121, 2, 5),
(387, 121, 3, 4),
(388, 123, 3, 1),
(389, 123, 3, 3),
(390, 123, 3, 4),
(391, 124, 2, 15),
(392, 124, 2, 1),
(393, 124, 2, 3),
(394, 124, 3, 15),
(395, 124, 3, 1),
(396, 124, 3, 3),
(397, 125, 15, 4),
(399, 5, 18, 5),
(406, 129, 8, 8),
(407, 129, 8, 9),
(408, 128, 3, 7),
(409, 128, 3, 8),
(410, 128, 3, 9),
(411, 128, 3, 10),
(415, 127, 13, 1),
(413, 127, 13, 3),
(414, 127, 13, 4),
(416, 126, 15, 4),
(417, 126, 15, 5),
(418, 126, 15, 6),
(419, 126, 4, 6),
(420, 126, 4, 5),
(421, 126, 4, 4),
(422, 114, 14, 1),
(423, 114, 14, 3);

-- 
-- Вывод данных для таблицы Sizes
--
INSERT INTO Sizes VALUES
(1, '42'),
(3, '44'),
(4, '46'),
(5, '48'),
(6, '50'),
(7, '52'),
(8, '54'),
(9, '56'),
(10, '58'),
(11, '60'),
(12, '62'),
(13, '64'),
(14, '66'),
(15, '40');

-- 
-- Вывод данных для таблицы Sizes_Products
--
INSERT INTO Sizes_Products VALUES
(7, 1, 2),
(8, 3, 1),
(9, 4, 1),
(10, 5, 1),
(16, 3, 2),
(18, 1, 4),
(19, 3, 4),
(22, 1, 5),
(24, 3, 5),
(25, 4, 5),
(27, 5, 5),
(28, 4, 6),
(29, 1, 3),
(32, 3, 3),
(33, 4, 3),
(34, 4, 2),
(37, 3, 7),
(39, 1, 8),
(40, 3, 8),
(41, 5, 8),
(42, 1, 9),
(44, 3, 9),
(46, 4, 9),
(47, 6, 10),
(48, 7, 10),
(49, 8, 10),
(50, 1, 11),
(51, 3, 11),
(53, 4, 11),
(57, 4, 12),
(60, 3, 13),
(62, 4, 13),
(63, 5, 13),
(65, 3, 14),
(66, 4, 14),
(67, 1, 15),
(72, 4, 16),
(74, 7, 17),
(75, 8, 17),
(78, 5, 18),
(79, 6, 18),
(80, 9, 19),
(81, 10, 19),
(82, 1, 20),
(83, 3, 20),
(87, 9, 21),
(88, 1, 22),
(89, 3, 22),
(91, 1, 23),
(92, 3, 23),
(93, 4, 23),
(94, 5, 23),
(96, 3, 24),
(97, 4, 24),
(98, 5, 24),
(101, 7, 26),
(103, 4, 27),
(104, 4, 28),
(107, 5, 30),
(111, 8, 31),
(112, 6, 32),
(113, 7, 32),
(114, 8, 32),
(116, 3, 33),
(117, 4, 33),
(118, 5, 33),
(119, 1, 34),
(120, 3, 34),
(121, 4, 34),
(123, 3, 35),
(125, 5, 35),
(126, 5, 14),
(127, 5, 22),
(128, 8, 26),
(129, 3, 29),
(130, 5, 29),
(131, 5, 25),
(132, 5, 27),
(133, 4, 30),
(134, 3, 36),
(135, 4, 36),
(136, 5, 36),
(137, 1, 37),
(138, 3, 37),
(139, 4, 37),
(140, 1, 38),
(141, 5, 38),
(142, 3, 39),
(143, 4, 39),
(144, 5, 39),
(145, 1, 40),
(146, 3, 40),
(147, 4, 40),
(148, 5, 40),
(149, 1, 41),
(150, 3, 41),
(151, 4, 41),
(152, 5, 41),
(153, 8, 42),
(154, 7, 42),
(155, 9, 42),
(156, 6, 43),
(157, 7, 43),
(158, 8, 43),
(159, 4, 44),
(160, 5, 44),
(161, 1, 45),
(162, 3, 45),
(163, 4, 45),
(164, 5, 46),
(165, 6, 46),
(166, 7, 46),
(167, 3, 47),
(168, 3, 48),
(169, 4, 48),
(170, 5, 48),
(171, 5, 49),
(172, 1, 50),
(173, 3, 50),
(174, 4, 50),
(175, 5, 50),
(176, 1, 51),
(177, 3, 51),
(178, 15, 51),
(179, 7, 52),
(180, 8, 52),
(181, 9, 52),
(182, 5, 53),
(183, 6, 53),
(184, 7, 53),
(185, 9, 54);

-- 
-- Вывод данных для таблицы auth_item
--

-- Таблица moykiv_newcfashion.auth_item не содержит данных

-- 
-- Вывод данных для таблицы auth_assignment
--

-- Таблица moykiv_newcfashion.auth_assignment не содержит данных

-- 
-- Вывод данных для таблицы auth_item_child
--

-- Таблица moykiv_newcfashion.auth_item_child не содержит данных

-- 
-- Восстановить предыдущий режим SQL (SQL mode)
-- 
/*!40101 SET SQL_MODE=@OLD_SQL_MODE */;

-- 
-- Включение внешних ключей
-- 
/*!40014 SET FOREIGN_KEY_CHECKS=@OLD_FOREIGN_KEY_CHECKS */;